Date,Account,Detail,Company Group,Company,Value,Multiple,raw_value,signed,shf_detail
1744-03-31,Liabilities,1. Note Issue,Public banks,Public banks,55,1000,55000,-55000,Notes
1744-03-31,Liabilities,1. Note Issue,Private banks,Private banks,,1000,0,0,Notes
1744-03-31,Liabilities,2. Deposits,Public banks,Public banks,74,1000,74000,-74000,Deposits
1744-03-31,Liabilities,2. Deposits,Private banks,Private banks,20,1000,20000,-20000,Deposits
1744-03-31,Liabilities,3. Owed to other banks,Public banks,Public banks,,1000,0,0,Notes (other banks)
1744-03-31,Liabilities,3. Owed to other banks,Private banks,Private banks,30,1000,30000,-30000,Notes (other banks)
1744-03-31,Equity,4. Proprietors’ Capital and surplus,Public banks,Public banks,125,1000,125000,-125000,Capital
1744-03-31,Equity,4. Proprietors’ Capital and surplus,Private banks,Private banks,25,1000,25000,-25000,Capital
1744-03-31,Assets,1. Advances,Public banks,Public banks,246,1000,246000,246000,Advances
1744-03-31,Assets,1. Advances,Private banks,Private banks,63,1000,63000,63000,Advances
1744-03-31,Assets,2. Specie,Public banks,Public banks,3,1000,3000,3000,Liquid Assets
1744-03-31,Assets,2. Specie,Private banks,Private banks,2,1000,2000,2000,Liquid Assets
1744-03-31,Assets,3. Notes of other banks,Public banks,Public banks,5,1000,5000,5000,Notes (other banks)
1744-03-31,Assets,3. Notes of other banks,Private banks,Private banks,10,1000,10000,10000,Notes (other banks)
1772-03-31,Liabilities,1. Note issue,Public banks,Public banks,139,1000,139000,-139000,Notes
1772-03-31,Liabilities,1. Note issue,Private bankers,Private bankers,,1000,0,0,Notes
1772-03-31,Liabilities,1. Note issue,Banking companies,Ayr Bank,220,1000,220000,-220000,Notes
1772-03-31,Liabilities,1. Note issue,Banking companies,Glasgow banking companies,230,1000,230000,-230000,Notes
1772-03-31,Liabilities,1. Note issue,Banking companies,Provincial banking companies,275,1000,275000,-275000,Notes
1772-03-31,Liabilities,2. Deposits,Public banks,Public banks,331,1000,331000,-331000,Deposits
1772-03-31,Liabilities,2. Deposits,Private bankers,Private bankers,380,1000,380000,-380000,Deposits
1772-03-31,Liabilities,2. Deposits,Banking companies,Ayr Bank,300,1000,300000,-300000,Deposits
1772-03-31,Liabilities,2. Deposits,Banking companies,Glasgow banking companies,130,1000,130000,-130000,Deposits
1772-03-31,Liabilities,2. Deposits,Banking companies,Provincial banking companies,8,1000,8000,-8000,Deposits
1772-03-31,Liabilities,3. Bills on London,Public banks,Public banks,,1000,0,0,Notes (other banks)
1772-03-31,Liabilities,3. Bills on London,Private bankers,Private bankers,,1000,0,0,Notes (other banks)
1772-03-31,Liabilities,3. Bills on London,Banking companies,Ayr Bank,600,1000,600000,-600000,Notes (other banks)
1772-03-31,Liabilities,3. Bills on London,Banking companies,Glasgow banking companies,,1000,0,0,Notes (other banks)
1772-03-31,Liabilities,3. Bills on London,Banking companies,Provincial banking companies,,1000,0,0,Notes (other banks)
1772-03-31,Equity,4. Capital and Surplus,Public banks,Public banks,184,1000,184000,-184000,Capital
1772-03-31,Equity,4. Capital and Surplus,Private bankers,Private bankers,60,1000,60000,-60000,Capital
1772-03-31,Equity,4. Capital and Surplus,Banking companies,Ayr Bank,130,1000,130000,-130000,Capital
1772-03-31,Equity,4. Capital and Surplus,Banking companies,Glasgow banking companies,65,1000,65000,-65000,Capital
1772-03-31,Equity,4. Capital and Surplus,Banking companies,Provincial banking companies,87,1000,87000,-87000,Capital
1772-03-31,Equity,5. Sundries,Public banks,Public banks,7,1000,7000,-7000,Capital
1772-03-31,Equity,5. Sundries,Private bankers,Private bankers,,1000,0,0,Capital
1772-03-31,Equity,5. Sundries,Banking companies,Ayr Bank,,1000,0,0,Capital
1772-03-31,Equity,5. Sundries,Banking companies,Glasgow banking companies,,1000,0,0,Capital
1772-03-31,Equity,5. Sundries,Banking companies,Provincial banking companies,,1000,0,0,Capital
1772-03-31,Assets,1. Advances,Public banks,Public banks,654,1000,654000,654000,Advances
1772-03-31,Assets,1. Advances,Private bankers,Private bankers,428,1000,428000,428000,Advances
1772-03-31,Assets,1. Advances,Banking companies,Ayr Bank,1237,1000,1237000,1237000,Advances
1772-03-31,Assets,1. Advances,Banking companies,Glasgow banking companies,413,1000,413000,413000,Advances
1772-03-31,Assets,1. Advances,Banking companies,Provincial banking companies,315,1000,315000,315000,Advances
1772-03-31,Assets,2. Specie,Public banks,Public banks,7,1000,7000,7000,Liquid Assets
1772-03-31,Assets,2. Specie,Private bankers,Private bankers,12,1000,12000,12000,Liquid Assets
1772-03-31,Assets,2. Specie,Banking companies,Ayr Bank,2,1000,2000,2000,Liquid Assets
1772-03-31,Assets,2. Specie,Banking companies,Glasgow banking companies,12,1000,12000,12000,Liquid Assets
1772-03-31,Assets,2. Specie,Banking companies,Provincial banking companies,38,1000,38000,38000,Liquid Assets
1772-03-31,Assets,3. Sundries,Public banks,Public banks,,1000,0,0,Liquid Assets
1772-03-31,Assets,3. Sundries,Private bankers,Private bankers,,1000,0,0,Liquid Assets
1772-03-31,Assets,3. Sundries,Banking companies,Ayr Bank,11,1000,11000,11000,Liquid Assets
1772-03-31,Assets,3. Sundries,Banking companies,Glasgow banking companies,,1000,0,0,Liquid Assets
1772-03-31,Assets,3. Sundries,Banking companies,Provincial banking companies,17,1000,17000,17000,Liquid Assets
1802-12-31,Liabilities,1. Note issue,Public banks,Public banks,1658,1000,1658000,-1658000,Notes
1802-12-31,Liabilities,1. Note issue,Private bankers,Private bankers,181,1000,181000,-181000,Notes
1802-12-31,Liabilities,1. Note issue,Banking companies,Glasgow burghs banking companies,236,1000,236000,-236000,Notes
1802-12-31,Liabilities,1. Note issue,Banking companies,Secondary burghs banking companies,693,1000,693000,-693000,Notes
1802-12-31,Liabilities,1. Note issue,Banking companies,Lesser burghs banking companies,180,1000,180000,-180000,Notes
1802-12-31,Liabilities,2. Deposits,Public banks,Public banks,2406,1000,2406000,-2406000,Deposits
1802-12-31,Liabilities,2. Deposits,Private bankers,Private bankers,672,1000,672000,-672000,Deposits
1802-12-31,Liabilities,2. Deposits,Banking companies,Glasgow burghs banking companies,442,1000,442000,-442000,Deposits
1802-12-31,Liabilities,2. Deposits,Banking companies,Secondary burghs banking companies,2117,1000,2117000,-2117000,Deposits
1802-12-31,Liabilities,2. Deposits,Banking companies,Lesser burghs banking companies,155,1000,155000,-155000,Deposits
1802-12-31,Equity,3. Capital and Surplus,Public banks,Public banks,2520,1000,2520000,-2520000,Capital
1802-12-31,Equity,3. Capital and Surplus,Private bankers,Private bankers,102,1000,102000,-102000,Capital
1802-12-31,Equity,3. Capital and Surplus,Banking companies,Glasgow burghs banking companies,229,1000,229000,-229000,Capital
1802-12-31,Equity,3. Capital and Surplus,Banking companies,Secondary burghs banking companies,339,1000,339000,-339000,Capital
1802-12-31,Equity,3. Capital and Surplus,Banking companies,Lesser burghs banking companies,95,1000,95000,-95000,Capital
1802-12-31,Equity,4. Sundries,Public banks,Public banks,61,1000,61000,-61000,Capital
1802-12-31,Equity,4. Sundries,Private bankers,Private bankers,145,1000,145000,-145000,Capital
1802-12-31,Equity,4. Sundries,Banking companies,Glasgow burghs banking companies,24,1000,24000,-24000,Capital
1802-12-31,Equity,4. Sundries,Banking companies,Secondary burghs banking companies,17,1000,17000,-17000,Capital
1802-12-31,Equity,4. Sundries,Banking companies,Lesser burghs banking companies,,1000,0,0,Capital
1802-12-31,Assets,1. Advances,Public banks,Public banks,3491,1000,3491000,3491000,Advances
1802-12-31,Assets,1. Advances,Private bankers,Private bankers,570,1000,570000,570000,Advances
1802-12-31,Assets,1. Advances,Banking companies,Glasgow burghs banking companies,807,1000,807000,807000,Advances
1802-12-31,Assets,1. Advances,Banking companies,Secondary burghs banking companies,2702,1000,2702000,2702000,Advances
1802-12-31,Assets,1. Advances,Banking companies,Lesser burghs banking companies,415,1000,415000,415000,Advances
1802-12-31,Assets,2. Investments and liquid assets,Public banks,Public banks,2337,1000,2337000,2337000,Investments
1802-12-31,Assets,2. Investments and liquid assets,Private bankers,Private bankers,506,1000,506000,506000,Investments
1802-12-31,Assets,2. Investments and liquid assets,Banking companies,Glasgow burghs banking companies,102,1000,102000,102000,Investments
1802-12-31,Assets,2. Investments and liquid assets,Banking companies,Secondary burghs banking companies,353,1000,353000,353000,Investments
1802-12-31,Assets,2. Investments and liquid assets,Banking companies,Lesser burghs banking companies,,1000,0,0,Investments
1802-12-31,Assets,3. Specie,Public banks,Public banks,67,1000,67000,67000,Liquid Assets
1802-12-31,Assets,3. Specie,Private bankers,Private bankers,24,1000,24000,24000,Liquid Assets
1802-12-31,Assets,3. Specie,Banking companies,Glasgow burghs banking companies,22,1000,22000,22000,Liquid Assets
1802-12-31,Assets,3. Specie,Banking companies,Secondary burghs banking companies,60,1000,60000,60000,Liquid Assets
1802-12-31,Assets,3. Specie,Banking companies,Lesser burghs banking companies,15,1000,15000,15000,Liquid Assets
1802-12-31,Assets,4. Sundries,Public banks,Public banks,750,1000,750000,750000,Liquid Assets
1802-12-31,Assets,4. Sundries,Private bankers,Private bankers,,1000,0,0,Liquid Assets
1802-12-31,Assets,4. Sundries,Banking companies,Glasgow burghs banking companies,,1000,0,0,Liquid Assets
1802-12-31,Assets,4. Sundries,Banking companies,Secondary burghs banking companies,51,1000,51000,51000,Liquid Assets
1802-12-31,Assets,4. Sundries,Banking companies,Lesser burghs banking companies,,1000,0,0,Liquid Assets
1825-12-31,Liabilities,1. Note issue,Public banks,Public banks,1075,1000,1075000,-1075000,Notes
1825-12-31,Liabilities,1. Note issue,Private bankers,Private bankers,189,1000,189000,-189000,Notes
1825-12-31,Liabilities,1. Note issue,Banking companies,Glasgow burghs banking companies,230,1000,230000,-230000,Notes
1825-12-31,Liabilities,1. Note issue,Banking companies,Secondary burghs banking companies,808,1000,808000,-808000,Notes
1825-12-31,Liabilities,1. Note issue,Banking companies,Lesser burghs banking companies,250,1000,250000,-250000,Notes
1825-12-31,Liabilities,1. Note issue,Joint Stock banks,Joint Stock banks,710,1000,710000,-710000,Notes
1825-12-31,Liabilities,2. Deposits,Public banks,Public banks,5809,1000,5809000,-5809000,Deposits
1825-12-31,Liabilities,2. Deposits,Private bankers,Private bankers,720,1000,720000,-720000,Deposits
1825-12-31,Liabilities,2. Deposits,Banking companies,Glasgow burghs banking companies,594,1000,594000,-594000,Deposits
1825-12-31,Liabilities,2. Deposits,Banking companies,Secondary burghs banking companies,2699,1000,2699000,-2699000,Deposits
1825-12-31,Liabilities,2. Deposits,Banking companies,Lesser burghs banking companies,255,1000,255000,-255000,Deposits
1825-12-31,Liabilities,2. Deposits,Joint Stock banks,Joint Stock banks,4490,1000,4490000,-4490000,Deposits
1825-12-31,Equity,3. Capital and Surplus,Public banks,Public banks,3864,1000,3864000,-3864000,Capital
1825-12-31,Equity,3. Capital and Surplus,Private bankers,Private bankers,100,1000,100000,-100000,Capital
1825-12-31,Equity,3. Capital and Surplus,Banking companies,Glasgow burghs banking companies,280,1000,280000,-280000,Capital
1825-12-31,Equity,3. Capital and Surplus,Banking companies,Secondary burghs banking companies,524,1000,524000,-524000,Capital
1825-12-31,Equity,3. Capital and Surplus,Banking companies,Lesser burghs banking companies,80,1000,80000,-80000,Capital
1825-12-31,Equity,3. Capital and Surplus,Joint Stock banks,Joint Stock banks,1212,1000,1212000,-1212000,Capital
1825-12-31,Equity,4. Sundries,Public banks,Public banks,515,1000,515000,-515000,Capital
1825-12-31,Equity,4. Sundries,Private bankers,Private bankers,,1000,0,0,Capital
1825-12-31,Equity,4. Sundries,Banking companies,Glasgow burghs banking companies,,1000,0,0,Capital
1825-12-31,Equity,4. Sundries,Banking companies,Secondary burghs banking companies,15,1000,15000,-15000,Capital
1825-12-31,Equity,4. Sundries,Banking companies,Lesser burghs banking companies,,1000,0,0,Capital
1825-12-31,Equity,4. Sundries,Joint Stock banks,Joint Stock banks,,1000,0,0,Capital
1825-12-31,Assets,1. Advances,Public banks,Public banks,7051,1000,7051000,7051000,Advances
1825-12-31,Assets,1. Advances,Private bankers,Private bankers,654,1000,654000,654000,Advances
1825-12-31,Assets,1. Advances,Banking companies,Glasgow burghs banking companies,914,1000,914000,914000,Advances
1825-12-31,Assets,1. Advances,Banking companies,Secondary burghs banking companies,3214,1000,3214000,3214000,Advances
1825-12-31,Assets,1. Advances,Banking companies,Lesser burghs banking companies,494,1000,494000,494000,Advances
1825-12-31,Assets,1. Advances,Joint Stock banks,Joint Stock banks,5345,1000,5345000,5345000,Advances
1825-12-31,Assets,2. Investments and liquid assets,Public banks,Public banks,3837,1000,3837000,3837000,Investments
1825-12-31,Assets,2. Investments and liquid assets,Private bankers,Private bankers,334,1000,334000,334000,Investments
1825-12-31,Assets,2. Investments and liquid assets,Banking companies,Glasgow burghs banking companies,167,1000,167000,167000,Investments
1825-12-31,Assets,2. Investments and liquid assets,Banking companies,Secondary burghs banking companies,755,1000,755000,755000,Investments
1825-12-31,Assets,2. Investments and liquid assets,Banking companies,Lesser burghs banking companies,63,1000,63000,63000,Investments
1825-12-31,Assets,2. Investments and liquid assets,Joint Stock banks,Joint Stock banks,1020,1000,1020000,1020000,Investments
1825-12-31,Assets,3. Specie,Public banks,Public banks,49,1000,49000,49000,Liquid Assets
1825-12-31,Assets,3. Specie,Private bankers,Private bankers,21,1000,21000,21000,Liquid Assets
1825-12-31,Assets,3. Specie,Banking companies,Glasgow burghs banking companies,23,1000,23000,23000,Liquid Assets
1825-12-31,Assets,3. Specie,Banking companies,Secondary burghs banking companies,72,1000,72000,72000,Liquid Assets
1825-12-31,Assets,3. Specie,Banking companies,Lesser burghs banking companies,15,1000,15000,15000,Liquid Assets
1825-12-31,Assets,3. Specie,Joint Stock banks,Joint Stock banks,47,1000,47000,47000,Liquid Assets
1825-12-31,Assets,4. Sundries,Public banks,Public banks,326,1000,326000,326000,Liquid Assets
1825-12-31,Assets,4. Sundries,Private bankers,Private bankers,,1000,0,0,Liquid Assets
1825-12-31,Assets,4. Sundries,Banking companies,Glasgow burghs banking companies,,1000,0,0,Liquid Assets
1825-12-31,Assets,4. Sundries,Banking companies,Secondary burghs banking companies,5,1000,5000,5000,Liquid Assets
1825-12-31,Assets,4. Sundries,Banking companies,Lesser burghs banking companies,13,1000,13000,13000,Liquid Assets
1825-12-31,Assets,4. Sundries,Joint Stock banks,Joint Stock banks,,1000,0,0,Liquid Assets
1850-12-31,Liabilities,1. Note issue,Public banks,Public banks,1024,1000,1024000,-1024000,Notes
1850-12-31,Liabilities,1. Note issue,Banking  companies,Banking  companies,50,1000,50000,-50000,Notes
1850-12-31,Liabilities,1. Note issue,Joint Stock banks,Edinburgh,553,1000,553000,-553000,Notes
1850-12-31,Liabilities,1. Note issue,Joint Stock banks,Glasgow,1030,1000,1030000,-1030000,Notes
1850-12-31,Liabilities,1. Note issue,Joint Stock banks,Other,568,1000,568000,-568000,Notes
1850-12-31,Liabilities,2. Deposits,Public banks,Public banks,11380,1000,11380000,-11380000,Deposits
1850-12-31,Liabilities,2. Deposits,Banking  companies,Banking  companies,1189,1000,1189000,-1189000,Deposits
1850-12-31,Liabilities,2. Deposits,Joint Stock banks,Edinburgh,8697,1000,8697000,-8697000,Deposits
1850-12-31,Liabilities,2. Deposits,Joint Stock banks,Glasgow,10005,1000,10005000,-10005000,Deposits
1850-12-31,Liabilities,2. Deposits,Joint Stock banks,Other,3771,1000,3771000,-3771000,Deposits
1850-12-31,Equity,3. Capital and Surplus,Public banks,Public banks,4491,1000,4491000,-4491000,Capital
1850-12-31,Equity,3. Capital and Surplus,Banking  companies,Banking  companies,238,1000,238000,-238000,Capital
1850-12-31,Equity,3. Capital and Surplus,Joint Stock banks,Edinburgh,2981,1000,2981000,-2981000,Capital
1850-12-31,Equity,3. Capital and Surplus,Joint Stock banks,Glasgow,4962,1000,4962000,-4962000,Capital
1850-12-31,Equity,3. Capital and Surplus,Joint Stock banks,Other,763,1000,763000,-763000,Capital
1850-12-31,Equity,4. Sundries,Public banks,Public banks,127,1000,127000,-127000,Capital
1850-12-31,Equity,4. Sundries,Banking  companies,Banking  companies,37,1000,37000,-37000,Capital
1850-12-31,Equity,4. Sundries,Joint Stock banks,Edinburgh,,1000,0,0,Capital
1850-12-31,Equity,4. Sundries,Joint Stock banks,Glasgow,,1000,0,0,Capital
1850-12-31,Equity,4. Sundries,Joint Stock banks,Other,,1000,0,0,Capital
1850-12-31,Assets,1. Advances,Public banks,Public banks,9888,1000,9888000,9888000,Advances
1850-12-31,Assets,1. Advances,Banking  companies,Banking  companies,1060,1000,1060000,1060000,Advances
1850-12-31,Assets,1. Advances,Joint Stock banks,Edinburgh,9131,1000,9131000,9131000,Advances
1850-12-31,Assets,1. Advances,Joint Stock banks,Glasgow,11978,1000,11978000,11978000,Advances
1850-12-31,Assets,1. Advances,Joint Stock banks,Other,4469,1000,4469000,4469000,Advances
1850-12-31,Assets,2. Investments and liquid assets,Public banks,Public banks,6063,1000,6063000,6063000,Investments
1850-12-31,Assets,2. Investments and liquid assets,Banking  companies,Banking  companies,374,1000,374000,374000,Investments
1850-12-31,Assets,2. Investments and liquid assets,Joint Stock banks,Edinburgh,2840,1000,2840000,2840000,Investments
1850-12-31,Assets,2. Investments and liquid assets,Joint Stock banks,Glasgow,3869,1000,3869000,3869000,Investments
1850-12-31,Assets,2. Investments and liquid assets,Joint Stock banks,Other,538,1000,538000,538000,Investments
1850-12-31,Assets,3. Specie,Public banks,Public banks,320,1000,320000,320000,Liquid Assets
1850-12-31,Assets,3. Specie,Banking  companies,Banking  companies,15,1000,15000,15000,Liquid Assets
1850-12-31,Assets,3. Specie,Joint Stock banks,Edinburgh,260,1000,260000,260000,Liquid Assets
1850-12-31,Assets,3. Specie,Joint Stock banks,Glasgow,210,1000,210000,210000,Liquid Assets
1850-12-31,Assets,3. Specie,Joint Stock banks,Other,95,1000,95000,95000,Liquid Assets
1850-12-31,Assets,4. Sundries,Public banks,Public banks,751,1000,751000,751000,Liquid Assets
1850-12-31,Assets,4. Sundries,Banking  companies,Banking  companies,5,1000,5000,5000,Liquid Assets
1850-12-31,Assets,4. Sundries,Joint Stock banks,Edinburgh,,1000,0,0,Liquid Assets
1850-12-31,Assets,4. Sundries,Joint Stock banks,Glasgow,,1000,0,0,Liquid Assets
1850-12-31,Assets,4. Sundries,Joint Stock banks,Other,,1000,0,0,Liquid Assets
1865-12-31,Liabilities,Deposits,,,59.62,1000000,59620000,-59620000,Deposits
1865-12-31,Liabilities,Notes,,,5.33,1000000,5330000,-5330000,Notes
1865-12-31,Liabilities,Other liabilities,,,2.77,1000000,2770000,-2770000,Other liabilities
1865-12-31,Equity,Capital,,,9.43,1000000,9430000,-9430000,Capital
1865-12-31,Equity,Reserve,,,3.1,1000000,3100000,-3100000,Capital
1865-12-31,Assets,Advances,,,56.78,1000000,56780000,56780000,Advances
1865-12-31,Assets,Investments,,,10.64,1000000,10640000,10640000,Investments
1865-12-31,Assets,Liquid Assets,,,11.75,1000000,11750000,11750000,Liquid Assets
1865-12-31,Assets,Property,,,1.08,1000000,1080000,1080000,Property
1866-12-31,Liabilities,Deposits,,,63.12,1000000,63120000,-63120000,Deposits
1866-12-31,Liabilities,Notes,,,5.42,1000000,5420000,-5420000,Notes
1866-12-31,Liabilities,Other liabilities,,,2.59,1000000,2590000,-2590000,Other liabilities
1866-12-31,Equity,Capital,,,9.47,1000000,9470000,-9470000,Capital
1866-12-31,Equity,Reserve,,,3.38,1000000,3380000,-3380000,Capital
1866-12-31,Assets,Advances,,,59.27,1000000,59270000,59270000,Advances
1866-12-31,Assets,Investments,,,11.2,1000000,11200000,11200000,Investments
1866-12-31,Assets,Liquid Assets,,,12.41,1000000,12410000,12410000,Liquid Assets
1866-12-31,Assets,Property,,,1.1,1000000,1100000,1100000,Property
1867-12-31,Liabilities,Deposits,,,64.06,1000000,64060000,-64060000,Deposits
1867-12-31,Liabilities,Notes,,,5.52,1000000,5520000,-5520000,Notes
1867-12-31,Liabilities,Other liabilities,,,3.15,1000000,3150000,-3150000,Other liabilities
1867-12-31,Equity,Capital,,,9.46,1000000,9460000,-9460000,Capital
1867-12-31,Equity,Reserve,,,3.51,1000000,3510000,-3510000,Capital
1867-12-31,Assets,Advances,,,58.89,1000000,58890000,58890000,Advances
1867-12-31,Assets,Investments,,,12.07,1000000,12070000,12070000,Investments
1867-12-31,Assets,Liquid Assets,,,13.59,1000000,13590000,13590000,Liquid Assets
1867-12-31,Assets,Property,,,1.15,1000000,1150000,1150000,Property
1868-12-31,Liabilities,Deposits,,,63.74,1000000,63740000,-63740000,Deposits
1868-12-31,Liabilities,Notes,,,5.35,1000000,5350000,-5350000,Notes
1868-12-31,Liabilities,Other liabilities,,,4.48,1000000,4480000,-4480000,Other liabilities
1868-12-31,Equity,Capital,,,9.36,1000000,9360000,-9360000,Capital
1868-12-31,Equity,Reserve,,,3.57,1000000,3570000,-3570000,Capital
1868-12-31,Assets,Advances,,,60.15,1000000,60150000,60150000,Advances
1868-12-31,Assets,Investments,,,11.73,1000000,11730000,11730000,Investments
1868-12-31,Assets,Liquid Assets,,,13.44,1000000,13440000,13440000,Liquid Assets
1868-12-31,Assets,Property,,,1.18,1000000,1180000,1180000,Property
1869-12-31,Liabilities,Deposits,,,63.18,1000000,63180000,-63180000,Deposits
1869-12-31,Liabilities,Notes,,,5.42,1000000,5420000,-5420000,Notes
1869-12-31,Liabilities,Other liabilities,,,4.37,1000000,4370000,-4370000,Other liabilities
1869-12-31,Equity,Capital,,,9.4,1000000,9400000,-9400000,Capital
1869-12-31,Equity,Reserve,,,3.54,1000000,3540000,-3540000,Capital
1869-12-31,Assets,Advances,,,60.42,1000000,60420000,60420000,Advances
1869-12-31,Assets,Investments,,,11.43,1000000,11430000,11430000,Investments
1869-12-31,Assets,Liquid Assets,,,12.83,1000000,12830000,12830000,Liquid Assets
1869-12-31,Assets,Property,,,1.23,1000000,1230000,1230000,Property
1870-12-31,Liabilities,Deposits,,,63.23,1000000,63230000,-63230000,Deposits
1870-12-31,Liabilities,Notes,,,5.51,1000000,5510000,-5510000,Notes
1870-12-31,Liabilities,Other liabilities,,,5.08,1000000,5080000,-5080000,Other liabilities
1870-12-31,Equity,Capital,,,9.4,1000000,9400000,-9400000,Capital
1870-12-31,Equity,Reserve,,,3.63,1000000,3630000,-3630000,Capital
1870-12-31,Assets,Advances,,,61.54,1000000,61540000,61540000,Advances
1870-12-31,Assets,Investments,,,11.48,1000000,11480000,11480000,Investments
1870-12-31,Assets,Liquid Assets,,,12.62,1000000,12620000,12620000,Liquid Assets
1870-12-31,Assets,Property,,,1.21,1000000,1210000,1210000,Property
1871-12-31,Liabilities,Deposits,,,67.02,1000000,67020000,-67020000,Deposits
1871-12-31,Liabilities,Notes,,,6.04,1000000,6040000,-6040000,Notes
1871-12-31,Liabilities,Other liabilities,,,5.95,1000000,5950000,-5950000,Other liabilities
1871-12-31,Equity,Capital,,,9.4,1000000,9400000,-9400000,Capital
1871-12-31,Equity,Reserve,,,3.78,1000000,3780000,-3780000,Capital
1871-12-31,Assets,Advances,,,63.94,1000000,63940000,63940000,Advances
1871-12-31,Assets,Investments,,,12.88,1000000,12880000,12880000,Investments
1871-12-31,Assets,Liquid Assets,,,14.07,1000000,14070000,14070000,Liquid Assets
1871-12-31,Assets,Property,,,1.3,1000000,1300000,1300000,Property
1872-12-31,Liabilities,Deposits,,,74.82,1000000,74820000,-74820000,Deposits
1872-12-31,Liabilities,Notes,,,7.13,1000000,7130000,-7130000,Notes
1872-12-31,Liabilities,Other liabilities,,,8.18,1000000,8180000,-8180000,Other liabilities
1872-12-31,Equity,Capital,,,9.47,1000000,9470000,-9470000,Capital
1872-12-31,Equity,Reserve,,,4.05,1000000,4050000,-4050000,Capital
1872-12-31,Assets,Advances,,,72.4,1000000,72400000,72400000,Advances
1872-12-31,Assets,Investments,,,14.49,1000000,14490000,14490000,Investments
1872-12-31,Assets,Liquid Assets,,,15.44,1000000,15440000,15440000,Liquid Assets
1872-12-31,Assets,Property,,,1.32,1000000,1320000,1320000,Property
1873-12-31,Liabilities,Deposits,,,78.08,1000000,78080000,-78080000,Deposits
1873-12-31,Liabilities,Notes,,,7.02,1000000,7020000,-7020000,Notes
1873-12-31,Liabilities,Other liabilities,,,7.92,1000000,7920000,-7920000,Other liabilities
1873-12-31,Equity,Capital,,,9.6,1000000,9600000,-9600000,Capital
1873-12-31,Equity,Reserve,,,4.47,1000000,4470000,-4470000,Capital
1873-12-31,Assets,Advances,,,76.41,1000000,76410000,76410000,Advances
1873-12-31,Assets,Investments,,,14.14,1000000,14140000,14140000,Investments
1873-12-31,Assets,Liquid Assets,,,15.17,1000000,15170000,15170000,Liquid Assets
1873-12-31,Assets,Property,,,1.37,1000000,1370000,1370000,Property
1874-12-31,Liabilities,Deposits,,,79.64,1000000,79640000,-79640000,Deposits
1874-12-31,Liabilities,Notes,,,6.65,1000000,6650000,-6650000,Notes
1874-12-31,Liabilities,Other liabilities,,,7.47,1000000,7470000,-7470000,Other liabilities
1874-12-31,Equity,Capital,,,9.72,1000000,9720000,-9720000,Capital
1874-12-31,Equity,Reserve,,,4.82,1000000,4820000,-4820000,Capital
1874-12-31,Assets,Advances,,,78.1,1000000,78100000,78100000,Advances
1874-12-31,Assets,Investments,,,13.79,1000000,13790000,13790000,Investments
1874-12-31,Assets,Liquid Assets,,,14.84,1000000,14840000,14840000,Liquid Assets
1874-12-31,Assets,Property,,,1.57,1000000,1570000,1570000,Property
1875-12-31,Liabilities,Deposits,,,81.54,1000000,81540000,-81540000,Deposits
1875-12-31,Liabilities,Notes,,,6.59,1000000,6590000,-6590000,Notes
1875-12-31,Liabilities,Other liabilities,,,8.21,1000000,8210000,-8210000,Other liabilities
1875-12-31,Equity,Capital,,,9.79,1000000,9790000,-9790000,Capital
1875-12-31,Equity,Reserve,,,4.99,1000000,4990000,-4990000,Capital
1875-12-31,Assets,Advances,,,80.78,1000000,80780000,80780000,Advances
1875-12-31,Assets,Investments,,,13.77,1000000,13770000,13770000,Investments
1875-12-31,Assets,Liquid Assets,,,14.99,1000000,14990000,14990000,Liquid Assets
1875-12-31,Assets,Property,,,1.58,1000000,1580000,1580000,Property
1876-12-31,Liabilities,Deposits,,,80.08,1000000,80080000,-80080000,Deposits
1876-12-31,Liabilities,Notes,,,6.38,1000000,6380000,-6380000,Notes
1876-12-31,Liabilities,Other liabilities,,,8.96,1000000,8960000,-8960000,Other liabilities
1876-12-31,Equity,Capital,,,11.05,1000000,11050000,-11050000,Capital
1876-12-31,Equity,Reserve,,,5.34,1000000,5340000,-5340000,Capital
1876-12-31,Assets,Advances,,,79,1000000,79000000,79000000,Advances
1876-12-31,Assets,Investments,,,14.92,1000000,14920000,14920000,Investments
1876-12-31,Assets,Liquid Assets,,,16.24,1000000,16240000,16240000,Liquid Assets
1876-12-31,Assets,Property,,,1.65,1000000,1650000,1650000,Property
1877-12-31,Liabilities,Deposits,,,78.94,1000000,78940000,-78940000,Deposits
1877-12-31,Liabilities,Notes,,,6.31,1000000,6310000,-6310000,Notes
1877-12-31,Liabilities,Other liabilities,,,9.57,1000000,9570000,-9570000,Other liabilities
1877-12-31,Equity,Capital,,,10.05,1000000,10050000,-10050000,Capital
1877-12-31,Equity,Reserve,,,5.44,1000000,5440000,-5440000,Capital
1877-12-31,Assets,Advances,,,81.79,1000000,81790000,81790000,Advances
1877-12-31,Assets,Investments,,,12.96,1000000,12960000,12960000,Investments
1877-12-31,Assets,Liquid Assets,,,13.82,1000000,13820000,13820000,Liquid Assets
1877-12-31,Assets,Property,,,1.74,1000000,1740000,1740000,Property
1878-12-31,Liabilities,Deposits,,,69.5,1000000,69500000,-69500000,Deposits
1878-12-31,Liabilities,Notes,,,5.68,1000000,5680000,-5680000,Notes
1878-12-31,Liabilities,Other liabilities,,,6.01,1000000,6010000,-6010000,Other liabilities
1878-12-31,Equity,Capital,,,9.05,1000000,9050000,-9050000,Capital
1878-12-31,Equity,Reserve,,,5.03,1000000,5030000,-5030000,Capital
1878-12-31,Assets,Advances,,,69.24,1000000,69240000,69240000,Advances
1878-12-31,Assets,Investments,,,11.13,1000000,11130000,11130000,Investments
1878-12-31,Assets,Liquid Assets,,,12.82,1000000,12820000,12820000,Liquid Assets
1878-12-31,Assets,Property,,,2.08,1000000,2080000,2080000,Property
1879-12-31,Liabilities,Deposits,,,75.68,1000000,75680000,-75680000,Deposits
1879-12-31,Liabilities,Notes,,,5.62,1000000,5620000,-5620000,Notes
1879-12-31,Liabilities,Other liabilities,,,5.81,1000000,5810000,-5810000,Other liabilities
1879-12-31,Equity,Capital,,,9.05,1000000,9050000,-9050000,Capital
1879-12-31,Equity,Reserve,,,4.92,1000000,4920000,-4920000,Capital
1879-12-31,Assets,Advances,,,62.97,1000000,62970000,62970000,Advances
1879-12-31,Assets,Investments,,,16.71,1000000,16710000,16710000,Investments
1879-12-31,Assets,Liquid Assets,,,18.82,1000000,18820000,18820000,Liquid Assets
1879-12-31,Assets,Property,,,2.58,1000000,2580000,2580000,Property
1880-12-31,Liabilities,Deposits,,,77.92,1000000,77920000,-77920000,Deposits
1880-12-31,Liabilities,Notes,,,5.58,1000000,5580000,-5580000,Notes
1880-12-31,Liabilities,Other liabilities,,,4.87,1000000,4870000,-4870000,Other liabilities
1880-12-31,Equity,Capital,,,9.04,1000000,9040000,-9040000,Capital
1880-12-31,Equity,Reserve,,,5.05,1000000,5050000,-5050000,Capital
1880-12-31,Assets,Advances,,,65.01,1000000,65010000,65010000,Advances
1880-12-31,Assets,Investments,,,16.65,1000000,16650000,16650000,Investments
1880-12-31,Assets,Liquid Assets,,,18.14,1000000,18140000,18140000,Liquid Assets
1880-12-31,Assets,Property,,,2.66,1000000,2660000,2660000,Property
1881-12-31,Liabilities,Deposits,,,79.44,1000000,79440000,-79440000,Deposits
1881-12-31,Liabilities,Notes,,,5.56,1000000,5560000,-5560000,Notes
1881-12-31,Liabilities,Other liabilities,,,5.49,1000000,5490000,-5490000,Other liabilities
1881-12-31,Equity,Capital,,,9.05,1000000,9050000,-9050000,Capital
1881-12-31,Equity,Reserve,,,5.46,1000000,5460000,-5460000,Capital
1881-12-31,Assets,Advances,,,66.44,1000000,66440000,66440000,Advances
1881-12-31,Assets,Investments,,,17.34,1000000,17340000,17340000,Investments
1881-12-31,Assets,Liquid Assets,,,18.54,1000000,18540000,18540000,Liquid Assets
1881-12-31,Assets,Property,,,2.68,1000000,2680000,2680000,Property
1882-12-31,Liabilities,Deposits,,,81.17,1000000,81170000,-81170000,Deposits
1882-12-31,Liabilities,Notes,,,5.84,1000000,5840000,-5840000,Notes
1882-12-31,Liabilities,Other liabilities,,,5.2,1000000,5200000,-5200000,Other liabilities
1882-12-31,Equity,Capital,,,9.05,1000000,9050000,-9050000,Capital
1882-12-31,Equity,Reserve,,,5.68,1000000,5680000,-5680000,Capital
1882-12-31,Assets,Advances,,,67.01,1000000,67010000,67010000,Advances
1882-12-31,Assets,Investments,,,18.2,1000000,18200000,18200000,Investments
1882-12-31,Assets,Liquid Assets,,,19.05,1000000,19050000,19050000,Liquid Assets
1882-12-31,Assets,Property,,,2.68,1000000,2680000,2680000,Property
1883-12-31,Liabilities,Deposits,,,83.25,1000000,83250000,-83250000,Deposits
1883-12-31,Liabilities,Notes,,,5.97,1000000,5970000,-5970000,Notes
1883-12-31,Liabilities,Other liabilities,,,4.59,1000000,4590000,-4590000,Other liabilities
1883-12-31,Equity,Capital,,,9.05,1000000,9050000,-9050000,Capital
1883-12-31,Equity,Reserve,,,5.74,1000000,5740000,-5740000,Capital
1883-12-31,Assets,Advances,,,68.4,1000000,68400000,68400000,Advances
1883-12-31,Assets,Investments,,,18.39,1000000,18390000,18390000,Investments
1883-12-31,Assets,Liquid Assets,,,19.11,1000000,19110000,19110000,Liquid Assets
1883-12-31,Assets,Property,,,2.7,1000000,2700000,2700000,Property
1884-12-31,Liabilities,Deposits,,,83.43,1000000,83430000,-83430000,Deposits
1884-12-31,Liabilities,Notes,,,5.91,1000000,5910000,-5910000,Notes
1884-12-31,Liabilities,Other liabilities,,,4.68,1000000,4680000,-4680000,Other liabilities
1884-12-31,Equity,Capital,,,9.05,1000000,9050000,-9050000,Capital
1884-12-31,Equity,Reserve,,,5.73,1000000,5730000,-5730000,Capital
1884-12-31,Assets,Advances,,,66.78,1000000,66780000,66780000,Advances
1884-12-31,Assets,Investments,,,19.35,1000000,19350000,19350000,Investments
1884-12-31,Assets,Liquid Assets,,,19.94,1000000,19940000,19940000,Liquid Assets
1884-12-31,Assets,Property,,,2.73,1000000,2730000,2730000,Property
1885-12-31,Liabilities,Deposits,,,81.52,1000000,81520000,-81520000,Deposits
1885-12-31,Liabilities,Notes,,,5.76,1000000,5760000,-5760000,Notes
1885-12-31,Liabilities,Other liabilities,,,3.98,1000000,3980000,-3980000,Other liabilities
1885-12-31,Equity,Capital,,,9.05,1000000,9050000,-9050000,Capital
1885-12-31,Equity,Reserve,,,5.76,1000000,5760000,-5760000,Capital
1885-12-31,Assets,Advances,,,65.7,1000000,65700000,65700000,Advances
1885-12-31,Assets,Investments,,,18.58,1000000,18580000,18580000,Investments
1885-12-31,Assets,Liquid Assets,,,19.05,1000000,19050000,19050000,Liquid Assets
1885-12-31,Assets,Property,,,2.74,1000000,2740000,2740000,Property
1886-12-31,Liabilities,Deposits,,,81.02,1000000,81020000,-81020000,Deposits
1886-12-31,Liabilities,Notes,,,5.69,1000000,5690000,-5690000,Notes
1886-12-31,Liabilities,Other liabilities,,,4.23,1000000,4230000,-4230000,Other liabilities
1886-12-31,Equity,Capital,,,9.05,1000000,9050000,-9050000,Capital
1886-12-31,Equity,Reserve,,,5.64,1000000,5640000,-5640000,Capital
1886-12-31,Assets,Advances,,,64.6,1000000,64600000,64600000,Advances
1886-12-31,Assets,Investments,,,18.88,1000000,18880000,18880000,Investments
1886-12-31,Assets,Liquid Assets,,,19.38,1000000,19380000,19380000,Liquid Assets
1886-12-31,Assets,Property,,,2.77,1000000,2770000,2770000,Property
1887-12-31,Liabilities,Deposits,,,82.53,1000000,82530000,-82530000,Deposits
1887-12-31,Liabilities,Notes,,,5.73,1000000,5730000,-5730000,Notes
1887-12-31,Liabilities,Other liabilities,,,4.05,1000000,4050000,-4050000,Other liabilities
1887-12-31,Equity,Capital,,,9.05,1000000,9050000,-9050000,Capital
1887-12-31,Equity,Reserve,,,5.53,1000000,5530000,-5530000,Capital
1887-12-31,Assets,Advances,,,62.78,1000000,62780000,62780000,Advances
1887-12-31,Assets,Investments,,,20.38,1000000,20380000,20380000,Investments
1887-12-31,Assets,Liquid Assets,,,20.8,1000000,20800000,20800000,Liquid Assets
1887-12-31,Assets,Property,,,2.93,1000000,2930000,2930000,Property
1888-12-31,Liabilities,Deposits,,,85.02,1000000,85020000,-85020000,Deposits
1888-12-31,Liabilities,Notes,,,5.84,1000000,5840000,-5840000,Notes
1888-12-31,Liabilities,Other liabilities,,,4.09,1000000,4090000,-4090000,Other liabilities
1888-12-31,Equity,Capital,,,9.05,1000000,9050000,-9050000,Capital
1888-12-31,Equity,Reserve,,,5.48,1000000,5480000,-5480000,Capital
1888-12-31,Assets,Advances,,,61.09,1000000,61090000,61090000,Advances
1888-12-31,Assets,Investments,,,22.62,1000000,22620000,22620000,Investments
1888-12-31,Assets,Liquid Assets,,,22.76,1000000,22760000,22760000,Liquid Assets
1888-12-31,Assets,Property,,,3.01,1000000,3010000,3010000,Property
1889-12-31,Liabilities,Deposits,,,89.08,1000000,89080000,-89080000,Deposits
1889-12-31,Liabilities,Notes,,,6.27,1000000,6270000,-6270000,Notes
1889-12-31,Liabilities,Other liabilities,,,4.35,1000000,4350000,-4350000,Other liabilities
1889-12-31,Equity,Capital,,,9.05,1000000,9050000,-9050000,Capital
1889-12-31,Equity,Reserve,,,5.58,1000000,5580000,-5580000,Capital
1889-12-31,Assets,Advances,,,61.85,1000000,61850000,61850000,Advances
1889-12-31,Assets,Investments,,,24.8,1000000,24800000,24800000,Investments
1889-12-31,Assets,Liquid Assets,,,24.6,1000000,24600000,24600000,Liquid Assets
1889-12-31,Assets,Property,,,3.08,1000000,3080000,3080000,Property
1890-12-31,Liabilities,Deposits,,,91.93,1000000,91930000,-91930000,Deposits
1890-12-31,Liabilities,Notes,,,6.5,1000000,6500000,-6500000,Notes
1890-12-31,Liabilities,Other liabilities,,,5.05,1000000,5050000,-5050000,Other liabilities
1890-12-31,Equity,Capital,,,9.05,1000000,9050000,-9050000,Capital
1890-12-31,Equity,Reserve,,,5.73,1000000,5730000,-5730000,Capital
1890-12-31,Assets,Advances,,,63.94,1000000,63940000,63940000,Advances
1890-12-31,Assets,Investments,,,26.97,1000000,26970000,26970000,Investments
1890-12-31,Assets,Liquid Assets,,,24.28,1000000,24280000,24280000,Liquid Assets
1890-12-31,Assets,Property,,,3.07,1000000,3070000,3070000,Property
1891-12-31,Liabilities,Deposits,,,93.52,1000000,93520000,-93520000,Deposits
1891-12-31,Liabilities,Notes,,,5.56,1000000,5560000,-5560000,Notes
1891-12-31,Liabilities,Other liabilities,,,5.24,1000000,5240000,-5240000,Other liabilities
1891-12-31,Equity,Capital,,,9.05,1000000,9050000,-9050000,Capital
1891-12-31,Equity,Reserve,,,5.91,1000000,5910000,-5910000,Capital
1891-12-31,Assets,Advances,,,67.44,1000000,67440000,67440000,Advances
1891-12-31,Assets,Investments,,,24.82,1000000,24820000,24820000,Investments
1891-12-31,Assets,Liquid Assets,,,23.78,1000000,23780000,23780000,Liquid Assets
1891-12-31,Assets,Property,,,3.24,1000000,3240000,3240000,Property
1892-12-31,Liabilities,Deposits,,,92.41,1000000,92410000,-92410000,Deposits
1892-12-31,Liabilities,Notes,,,6.46,1000000,6460000,-6460000,Notes
1892-12-31,Liabilities,Other liabilities,,,4.5,1000000,4500000,-4500000,Other liabilities
1892-12-31,Equity,Capital,,,9.3,1000000,9300000,-9300000,Capital
1892-12-31,Equity,Reserve,,,6.55,1000000,6550000,-6550000,Capital
1892-12-31,Assets,Advances,,,64.8,1000000,64800000,64800000,Advances
1892-12-31,Assets,Investments,,,26.21,1000000,26210000,26210000,Investments
1892-12-31,Assets,Liquid Assets,,,24.93,1000000,24930000,24930000,Liquid Assets
1892-12-31,Assets,Property,,,3.28,1000000,3280000,3280000,Property
1893-12-31,Liabilities,Deposits,,,92.09,1000000,92090000,-92090000,Deposits
1893-12-31,Liabilities,Notes,,,6.55,1000000,6550000,-6550000,Notes
1893-12-31,Liabilities,Other liabilities,,,4.91,1000000,4910000,-4910000,Other liabilities
1893-12-31,Equity,Capital,,,9.3,1000000,9300000,-9300000,Capital
1893-12-31,Equity,Reserve,,,6.69,1000000,6690000,-6690000,Capital
1893-12-31,Assets,Advances,,,65.41,1000000,65410000,65410000,Advances
1893-12-31,Assets,Investments,,,26.25,1000000,26250000,26250000,Investments
1893-12-31,Assets,Liquid Assets,,,24.56,1000000,24560000,24560000,Liquid Assets
1893-12-31,Assets,Property,,,3.32,1000000,3320000,3320000,Property
1894-12-31,Liabilities,Deposits,,,93.49,1000000,93490000,-93490000,Deposits
1894-12-31,Liabilities,Notes,,,6.73,1000000,6730000,-6730000,Notes
1894-12-31,Liabilities,Other liabilities,,,4.16,1000000,4160000,-4160000,Other liabilities
1894-12-31,Equity,Capital,,,9.3,1000000,9300000,-9300000,Capital
1894-12-31,Equity,Reserve,,,6.65,1000000,6650000,-6650000,Capital
1894-12-31,Assets,Advances,,,64.59,1000000,64590000,64590000,Advances
1894-12-31,Assets,Investments,,,26.76,1000000,26760000,26760000,Investments
1894-12-31,Assets,Liquid Assets,,,25.6,1000000,25600000,25600000,Liquid Assets
1894-12-31,Assets,Property,,,3.38,1000000,3380000,3380000,Property
1895-12-31,Liabilities,Deposits,,,94.34,1000000,94340000,-94340000,Deposits
1895-12-31,Liabilities,Notes,,,7.27,1000000,7270000,-7270000,Notes
1895-12-31,Liabilities,Other liabilities,,,4.61,1000000,4610000,-4610000,Other liabilities
1895-12-31,Equity,Capital,,,9.3,1000000,9300000,-9300000,Capital
1895-12-31,Equity,Reserve,,,6.86,1000000,6860000,-6860000,Capital
1895-12-31,Assets,Advances,,,67.6,1000000,67600000,67600000,Advances
1895-12-31,Assets,Investments,,,26.17,1000000,26170000,26170000,Investments
1895-12-31,Assets,Liquid Assets,,,25.2,1000000,25200000,25200000,Liquid Assets
1895-12-31,Assets,Property,,,3.41,1000000,3410000,3410000,Property
1896-12-31,Liabilities,Deposits,,,95.98,1000000,95980000,-95980000,Deposits
1896-12-31,Liabilities,Notes,,,7.37,1000000,7370000,-7370000,Notes
1896-12-31,Liabilities,Other liabilities,,,5.12,1000000,5120000,-5120000,Other liabilities
1896-12-31,Equity,Capital,,,9.3,1000000,9300000,-9300000,Capital
1896-12-31,Equity,Reserve,,,7.15,1000000,7150000,-7150000,Capital
1896-12-31,Assets,Advances,,,69.82,1000000,69820000,69820000,Advances
1896-12-31,Assets,Investments,,,25.26,1000000,25260000,25260000,Investments
1896-12-31,Assets,Liquid Assets,,,26.33,1000000,26330000,26330000,Liquid Assets
1896-12-31,Assets,Property,,,3.51,1000000,3510000,3510000,Property
1897-12-31,Liabilities,Deposits,,,96.55,1000000,96550000,-96550000,Deposits
1897-12-31,Liabilities,Notes,,,7.49,1000000,7490000,-7490000,Notes
1897-12-31,Liabilities,Other liabilities,,,5.22,1000000,5220000,-5220000,Other liabilities
1897-12-31,Equity,Capital,,,9.3,1000000,9300000,-9300000,Capital
1897-12-31,Equity,Reserve,,,7.21,1000000,7210000,-7210000,Capital
1897-12-31,Assets,Advances,,,69.54,1000000,69540000,69540000,Advances
1897-12-31,Assets,Investments,,,26.19,1000000,26190000,26190000,Investments
1897-12-31,Assets,Liquid Assets,,,26.53,1000000,26530000,26530000,Liquid Assets
1897-12-31,Assets,Property,,,3.51,1000000,3510000,3510000,Property
1898-12-31,Liabilities,Deposits,,,99.11,1000000,99110000,-99110000,Deposits
1898-12-31,Liabilities,Notes,,,7.77,1000000,7770000,-7770000,Notes
1898-12-31,Liabilities,Other liabilities,,,4.36,1000000,4360000,-4360000,Other liabilities
1898-12-31,Equity,Capital,,,9.3,1000000,9300000,-9300000,Capital
1898-12-31,Equity,Reserve,,,7.56,1000000,7560000,-7560000,Capital
1898-12-31,Assets,Advances,,,71.61,1000000,71610000,71610000,Advances
1898-12-31,Assets,Investments,,,24.95,1000000,24950000,24950000,Investments
1898-12-31,Assets,Liquid Assets,,,27.9,1000000,27900000,27900000,Liquid Assets
1898-12-31,Assets,Property,,,3.64,1000000,3640000,3640000,Property
1899-12-31,Liabilities,Deposits,,,103.59,1000000,103590000,-103590000,Deposits
1899-12-31,Liabilities,Notes,,,7.9,1000000,7900000,-7900000,Notes
1899-12-31,Liabilities,Other liabilities,,,5.71,1000000,5710000,-5710000,Other liabilities
1899-12-31,Equity,Capital,,,9.3,1000000,9300000,-9300000,Capital
1899-12-31,Equity,Reserve,,,7.77,1000000,7770000,-7770000,Capital
1899-12-31,Assets,Advances,,,76.05,1000000,76050000,76050000,Advances
1899-12-31,Assets,Investments,,,23.84,1000000,23840000,23840000,Investments
1899-12-31,Assets,Liquid Assets,,,30.74,1000000,30740000,30740000,Liquid Assets
1899-12-31,Assets,Property,,,3.64,1000000,3640000,3640000,Property
1900-12-31,Liabilities,Deposits,,,107.35,1000000,107350000,-107350000,Deposits
1900-12-31,Liabilities,Notes,,,8.09,1000000,8090000,-8090000,Notes
1900-12-31,Liabilities,Other liabilities,,,4.89,1000000,4890000,-4890000,Other liabilities
1900-12-31,Equity,Capital,,,9.3,1000000,9300000,-9300000,Capital
1900-12-31,Equity,Reserve,,,8.06,1000000,8060000,-8060000,Capital
1900-12-31,Assets,Advances,,,74.88,1000000,74880000,74880000,Advances
1900-12-31,Assets,Investments,,,25.94,1000000,25940000,25940000,Investments
1900-12-31,Assets,Liquid Assets,,,32.81,1000000,32810000,32810000,Liquid Assets
1900-12-31,Assets,Property,,,4.06,1000000,4060000,4060000,Property
1901-12-31,Liabilities,Deposits,,,107.07,1000000,107070000,-107070000,Deposits
1901-12-31,Liabilities,Notes,,,8.04,1000000,8040000,-8040000,Notes
1901-12-31,Liabilities,Other liabilities,,,5.72,1000000,5720000,-5720000,Other liabilities
1901-12-31,Equity,Capital,,,9.3,1000000,9300000,-9300000,Capital
1901-12-31,Equity,Reserve,,,8.25,1000000,8250000,-8250000,Capital
1901-12-31,Assets,Advances,,,76.57,1000000,76570000,76570000,Advances
1901-12-31,Assets,Investments,,,26.11,1000000,26110000,26110000,Investments
1901-12-31,Assets,Liquid Assets,,,31.54,1000000,31540000,31540000,Liquid Assets
1901-12-31,Assets,Property,,,4.16,1000000,4160000,4160000,Property
1902-12-31,Liabilities,Deposits,,,106.36,1000000,106360000,-106360000,Deposits
1902-12-31,Liabilities,Notes,,,8,1000000,8000000,-8000000,Notes
1902-12-31,Liabilities,Other liabilities,,,5.23,1000000,5230000,-5230000,Other liabilities
1902-12-31,Equity,Capital,,,9.3,1000000,9300000,-9300000,Capital
1902-12-31,Equity,Reserve,,,8.58,1000000,8580000,-8580000,Capital
1902-12-31,Assets,Advances,,,76.73,1000000,76730000,76730000,Advances
1902-12-31,Assets,Investments,,,25.37,1000000,25370000,25370000,Investments
1902-12-31,Assets,Liquid Assets,,,31.11,1000000,31110000,31110000,Liquid Assets
1902-12-31,Assets,Property,,,4.26,1000000,4260000,4260000,Property
1903-12-31,Liabilities,Deposits,,,103.73,1000000,103730000,-103730000,Deposits
1903-12-31,Liabilities,Notes,,,7.78,1000000,7780000,-7780000,Notes
1903-12-31,Liabilities,Other liabilities,,,5.04,1000000,5040000,-5040000,Other liabilities
1903-12-31,Equity,Capital,,,9.3,1000000,9300000,-9300000,Capital
1903-12-31,Equity,Reserve,,,8.65,1000000,8650000,-8650000,Capital
1903-12-31,Assets,Advances,,,75.57,1000000,75570000,75570000,Advances
1903-12-31,Assets,Investments,,,24.6,1000000,24600000,24600000,Investments
1903-12-31,Assets,Liquid Assets,,,30.02,1000000,30020000,30020000,Liquid Assets
1903-12-31,Assets,Property,,,4.31,1000000,4310000,4310000,Property
1904-12-31,Liabilities,Deposits,,,104.44,1000000,104440000,-104440000,Deposits
1904-12-31,Liabilities,Notes,,,7.55,1000000,7550000,-7550000,Notes
1904-12-31,Liabilities,Other liabilities,,,5.23,1000000,5230000,-5230000,Other liabilities
1904-12-31,Equity,Capital,,,6.3,1000000,6300000,-6300000,Capital
1904-12-31,Equity,Reserve,,,8.85,1000000,8850000,-8850000,Capital
1904-12-31,Assets,Advances,,,74.66,1000000,74660000,74660000,Advances
1904-12-31,Assets,Investments,,,25.24,1000000,25240000,25240000,Investments
1904-12-31,Assets,Liquid Assets,,,28.07,1000000,28070000,28070000,Liquid Assets
1904-12-31,Assets,Property,,,4.4,1000000,4400000,4400000,Property
1905-12-31,Liabilities,Deposits,,,100.95,1000000,100950000,-100950000,Deposits
1905-12-31,Liabilities,Notes,,,7.54,1000000,7540000,-7540000,Notes
1905-12-31,Liabilities,Other liabilities,,,5.48,1000000,5480000,-5480000,Other liabilities
1905-12-31,Equity,Capital,,,9.3,1000000,9300000,-9300000,Capital
1905-12-31,Equity,Reserve,,,9.08,1000000,9080000,-9080000,Capital
1905-12-31,Assets,Advances,,,74.72,1000000,74720000,74720000,Advances
1905-12-31,Assets,Investments,,,24,1000000,24000000,24000000,Investments
1905-12-31,Assets,Liquid Assets,,,29.22,1000000,29220000,29220000,Liquid Assets
1905-12-31,Assets,Property,,,4.41,1000000,4410000,4410000,Property
1906-12-31,Liabilities,Deposits,,,105.23,1000000,105230000,-105230000,Deposits
1906-12-31,Liabilities,Notes,,,7.76,1000000,7760000,-7760000,Notes
1906-12-31,Liabilities,Other liabilities,,,6.3,1000000,6300000,-6300000,Other liabilities
1906-12-31,Equity,Capital,,,9.3,1000000,9300000,-9300000,Capital
1906-12-31,Equity,Reserve,,,9.14,1000000,9140000,-9140000,Capital
1906-12-31,Assets,Advances,,,77.14,1000000,77140000,77140000,Advances
1906-12-31,Assets,Investments,,,24.29,1000000,24290000,24290000,Investments
1906-12-31,Assets,Liquid Assets,,,31.87,1000000,31870000,31870000,Liquid Assets
1906-12-31,Assets,Property,,,4.43,1000000,4430000,4430000,Property
1907-12-31,Liabilities,Deposits,,,108.59,1000000,108590000,-108590000,Deposits
1907-12-31,Liabilities,Notes,,,7.41,1000000,7410000,-7410000,Notes
1907-12-31,Liabilities,Other liabilities,,,6.69,1000000,6690000,-6690000,Other liabilities
1907-12-31,Equity,Capital,,,9.23,1000000,9230000,-9230000,Capital
1907-12-31,Equity,Reserve,,,8.98,1000000,8980000,-8980000,Capital
1907-12-31,Assets,Advances,,,78.98,1000000,78980000,78980000,Advances
1907-12-31,Assets,Investments,,,24.8,1000000,24800000,24800000,Investments
1907-12-31,Assets,Liquid Assets,,,32.64,1000000,32640000,32640000,Liquid Assets
1907-12-31,Assets,Property,,,4.48,1000000,4480000,4480000,Property
1908-12-31,Liabilities,Deposits,,,105.66,1000000,105660000,-105660000,Deposits
1908-12-31,Liabilities,Notes,,,7.16,1000000,7160000,-7160000,Notes
1908-12-31,Liabilities,Other liabilities,,,6.16,1000000,6160000,-6160000,Other liabilities
1908-12-31,Equity,Capital,,,9.23,1000000,9230000,-9230000,Capital
1908-12-31,Equity,Reserve,,,9.2,1000000,9200000,-9200000,Capital
1908-12-31,Assets,Advances,,,75.07,1000000,75070000,75070000,Advances
1908-12-31,Assets,Investments,,,26.63,1000000,26630000,26630000,Investments
1908-12-31,Assets,Liquid Assets,,,31.09,1000000,31090000,31090000,Liquid Assets
1908-12-31,Assets,Property,,,4.62,1000000,4620000,4620000,Property
1909-12-31,Liabilities,Deposits,,,106.56,1000000,106560000,-106560000,Deposits
1909-12-31,Liabilities,Notes,,,7.19,1000000,7190000,-7190000,Notes
1909-12-31,Liabilities,Other liabilities,,,6.63,1000000,6630000,-6630000,Other liabilities
1909-12-31,Equity,Capital,,,9.23,1000000,9230000,-9230000,Capital
1909-12-31,Equity,Reserve,,,9.44,1000000,9440000,-9440000,Capital
1909-12-31,Assets,Advances,,,75.68,1000000,75680000,75680000,Advances
1909-12-31,Assets,Investments,,,27,1000000,27000000,27000000,Investments
1909-12-31,Assets,Liquid Assets,,,31.75,1000000,31750000,31750000,Liquid Assets
1909-12-31,Assets,Property,,,4.62,1000000,4620000,4620000,Property
1910-12-31,Liabilities,Deposits,,,106.48,1000000,106480000,-106480000,Deposits
1910-12-31,Liabilities,Notes,,,7.13,1000000,7130000,-7130000,Notes
1910-12-31,Liabilities,Other liabilities,,,5.32,1000000,5320000,-5320000,Other liabilities
1910-12-31,Equity,Capital,,,9.23,1000000,9230000,-9230000,Capital
1910-12-31,Equity,Reserve,,,9.5,1000000,9500000,-9500000,Capital
1910-12-31,Assets,Advances,,,75.79,1000000,75790000,75790000,Advances
1910-12-31,Assets,Investments,,,26.16,1000000,26160000,26160000,Investments
1910-12-31,Assets,Liquid Assets,,,31.08,1000000,31080000,31080000,Liquid Assets
1910-12-31,Assets,Property,,,4.63,1000000,4630000,4630000,Property
1911-12-31,Liabilities,Deposits,,,112.07,1000000,112070000,-112070000,Deposits
1911-12-31,Liabilities,Notes,,,7.33,1000000,7330000,-7330000,Notes
1911-12-31,Liabilities,Other liabilities,,,6.62,1000000,6620000,-6620000,Other liabilities
1911-12-31,Equity,Capital,,,9.23,1000000,9230000,-9230000,Capital
1911-12-31,Equity,Reserve,,,9.64,1000000,9640000,-9640000,Capital
1911-12-31,Assets,Advances,,,77.55,1000000,77550000,77550000,Advances
1911-12-31,Assets,Investments,,,26.03,1000000,26030000,26030000,Investments
1911-12-31,Assets,Liquid Assets,,,36.71,1000000,36710000,36710000,Liquid Assets
1911-12-31,Assets,Property,,,4.6,1000000,4600000,4600000,Property
1912-12-31,Liabilities,Deposits,,,118.64,1000000,118640000,-118640000,Deposits
1912-12-31,Liabilities,Notes,,,7.65,1000000,7650000,-7650000,Notes
1912-12-31,Liabilities,Other liabilities,,,8.04,1000000,8040000,-8040000,Other liabilities
1912-12-31,Equity,Capital,,,9.23,1000000,9230000,-9230000,Capital
1912-12-31,Equity,Reserve,,,9.49,1000000,9490000,-9490000,Capital
1912-12-31,Assets,Advances,,,79.27,1000000,79270000,79270000,Advances
1912-12-31,Assets,Investments,,,27.47,1000000,27470000,27470000,Investments
1912-12-31,Assets,Liquid Assets,,,41.71,1000000,41710000,41710000,Liquid Assets
1912-12-31,Assets,Property,,,4.6,1000000,4600000,4600000,Property
1913-12-31,Liabilities,Deposits,,,125.71,1000000,125710000,-125710000,Deposits
1913-12-31,Liabilities,Notes,,,7.74,1000000,7740000,-7740000,Notes
1913-12-31,Liabilities,Other liabilities,,,7.61,1000000,7610000,-7610000,Other liabilities
1913-12-31,Equity,Capital,,,9.23,1000000,9230000,-9230000,Capital
1913-12-31,Equity,Reserve,,,9.33,1000000,9330000,-9330000,Capital
1913-12-31,Assets,Advances,,,84.25,1000000,84250000,84250000,Advances
1913-12-31,Assets,Investments,,,29.47,1000000,29470000,29470000,Investments
1913-12-31,Assets,Liquid Assets,,,41.33,1000000,41330000,41330000,Liquid Assets
1913-12-31,Assets,Property,,,4.57,1000000,4570000,4570000,Property
1914-12-31,Liabilities,Deposits,,,132.5,1000000,132500000,-132500000,Deposits
1914-12-31,Liabilities,Notes,,,9.5,1000000,9500000,-9500000,Notes
1914-12-31,Liabilities,Other liabilities,,,7.81,1000000,7810000,-7810000,Other liabilities
1914-12-31,Equity,Capital,,,9.23,1000000,9230000,-9230000,Capital
1914-12-31,Equity,Reserve,,,8.8,1000000,8800000,-8800000,Capital
1914-12-31,Assets,Advances,,,86.8,1000000,86800000,86800000,Advances
1914-12-31,Assets,Investments,,,36.19,1000000,36190000,36190000,Investments
1914-12-31,Assets,Liquid Assets,,,40.28,1000000,40280000,40280000,Liquid Assets
1914-12-31,Assets,Property,,,4.57,1000000,4570000,4570000,Property
1915-12-31,Liabilities,Deposits,,,140.41,1000000,140410000,-140410000,Deposits
1915-12-31,Liabilities,Notes,,,12.55,1000000,12550000,-12550000,Notes
1915-12-31,Liabilities,Other liabilities,,,6.53,1000000,6530000,-6530000,Other liabilities
1915-12-31,Equity,Capital,,,9.23,1000000,9230000,-9230000,Capital
1915-12-31,Equity,Reserve,,,8.1,1000000,8100000,-8100000,Capital
1915-12-31,Assets,Advances,,,68.29,1000000,68290000,68290000,Advances
1915-12-31,Assets,Investments,,,60.85,1000000,60850000,60850000,Investments
1915-12-31,Assets,Liquid Assets,,,43.04,1000000,43040000,43040000,Liquid Assets
1915-12-31,Assets,Property,,,4.64,1000000,4640000,4640000,Property
1916-12-31,Liabilities,Deposits,,,166.48,1000000,166480000,-166480000,Deposits
1916-12-31,Liabilities,Notes,,,15.46,1000000,15460000,-15460000,Notes
1916-12-31,Liabilities,Other liabilities,,,8.52,1000000,8520000,-8520000,Other liabilities
1916-12-31,Equity,Capital,,,9.23,1000000,9230000,-9230000,Capital
1916-12-31,Equity,Reserve,,,7.54,1000000,7540000,-7540000,Capital
1916-12-31,Assets,Advances,,,80.85,1000000,80850000,80850000,Advances
1916-12-31,Assets,Investments,,,73.14,1000000,73140000,73140000,Investments
1916-12-31,Assets,Liquid Assets,,,48.64,1000000,48640000,48640000,Liquid Assets
1916-12-31,Assets,Property,,,4.6,1000000,4600000,4600000,Property
1917-12-31,Liabilities,Deposits,,,196.54,1000000,196540000,-196540000,Deposits
1917-12-31,Liabilities,Notes,,,19.02,1000000,19020000,-19020000,Notes
1917-12-31,Liabilities,Other liabilities,,,7.69,1000000,7690000,-7690000,Other liabilities
1917-12-31,Equity,Capital,,,9.23,1000000,9230000,-9230000,Capital
1917-12-31,Equity,Reserve,,,8.07,1000000,8070000,-8070000,Capital
1917-12-31,Assets,Advances,,,91.61,1000000,91610000,91610000,Advances
1917-12-31,Assets,Investments,,,90,1000000,90000000,90000000,Investments
1917-12-31,Assets,Liquid Assets,,,54.42,1000000,54420000,54420000,Liquid Assets
1917-12-31,Assets,Property,,,4.52,1000000,4520000,4520000,Property
1918-12-31,Liabilities,Deposits,,,222.05,1000000,222050000,-222050000,Deposits
1918-12-31,Liabilities,Notes,,,25.14,1000000,25140000,-25140000,Notes
1918-12-31,Liabilities,Other liabilities,,,8.61,1000000,8610000,-8610000,Other liabilities
1918-12-31,Equity,Capital,,,9.23,1000000,9230000,-9230000,Capital
1918-12-31,Equity,Reserve,,,8.63,1000000,8630000,-8630000,Capital
1918-12-31,Assets,Advances,,,90.41,1000000,90410000,90410000,Advances
1918-12-31,Assets,Investments,,,113.55,1000000,113550000,113550000,Investments
1918-12-31,Assets,Liquid Assets,,,65.22,1000000,65220000,65220000,Liquid Assets
1918-12-31,Assets,Property,,,4.48,1000000,4480000,4480000,Property
1919-12-31,Liabilities,Deposits,,,259.61,1000000,259610000,-259610000,Deposits
1919-12-31,Liabilities,Notes,,,28.03,1000000,28030000,-28030000,Notes
1919-12-31,Liabilities,Other liabilities,,,12.72,1000000,12720000,-12720000,Other liabilities
1919-12-31,Equity,Capital,,,9.23,1000000,9230000,-9230000,Capital
1919-12-31,Equity,Reserve,,,9.16,1000000,9160000,-9160000,Capital
1919-12-31,Assets,Advances,,,121.28,1000000,121280000,121280000,Advances
1919-12-31,Assets,Investments,,,118.81,1000000,118810000,118810000,Investments
1919-12-31,Assets,Liquid Assets,,,74.25,1000000,74250000,74250000,Liquid Assets
1919-12-31,Assets,Property,,,4.41,1000000,4410000,4410000,Property
1920-12-31,Liabilities,Deposits,,,279.23,1000000,279230000,-279230000,Deposits
1920-12-31,Liabilities,Notes,,,29.36,1000000,29360000,-29360000,Notes
1920-12-31,Liabilities,Other liabilities,,,11.37,1000000,11370000,-11370000,Other liabilities
1920-12-31,Equity,Capital,,,10.08,1000000,10080000,-10080000,Capital
1920-12-31,Equity,Reserve,,,9.13,1000000,9130000,-9130000,Capital
1920-12-31,Assets,Advances,,,145.21,1000000,145210000,145210000,Advances
1920-12-31,Assets,Investments,,,113.08,1000000,113080000,113080000,Investments
1920-12-31,Assets,Liquid Assets,,,76.38,1000000,76380000,76380000,Liquid Assets
1920-12-31,Assets,Property,,,4.5,1000000,4500000,4500000,Property
1921-12-31,Liabilities,Deposits,,,291.06,1000000,291060000,-291060000,Deposits
1921-12-31,Liabilities,Notes,,,25.19,1000000,25190000,-25190000,Notes
1921-12-31,Liabilities,Other liabilities,,,8.81,1000000,8810000,-8810000,Other liabilities
1921-12-31,Equity,Capital,,,10.08,1000000,10080000,-10080000,Capital
1921-12-31,Equity,Reserve,,,9.83,1000000,9830000,-9830000,Capital
1921-12-31,Assets,Advances,,,132.7,1000000,132700000,132700000,Advances
1921-12-31,Assets,Investments,,,136.55,1000000,136550000,136550000,Investments
1921-12-31,Assets,Liquid Assets,,,71.23,1000000,71230000,71230000,Liquid Assets
1921-12-31,Assets,Property,,,4.49,1000000,4490000,4490000,Property
1922-12-31,Liabilities,Deposits,,,267.79,1000000,267790000,-267790000,Deposits
1922-12-31,Liabilities,Notes,,,23.32,1000000,23320000,-23320000,Notes
1922-12-31,Liabilities,Other liabilities,,,9.45,1000000,9450000,-9450000,Other liabilities
1922-12-31,Equity,Capital,,,10.08,1000000,10080000,-10080000,Capital
1922-12-31,Equity,Reserve,,,11.15,1000000,11150000,-11150000,Capital
1922-12-31,Assets,Advances,,,112.17,1000000,112170000,112170000,Advances
1922-12-31,Assets,Investments,,,141.2,1000000,141200000,141200000,Investments
1922-12-31,Assets,Liquid Assets,,,63.83,1000000,63830000,63830000,Liquid Assets
1922-12-31,Assets,Property,,,4.59,1000000,4590000,4590000,Property
1923-12-31,Liabilities,Deposits,,,247.23,1000000,247230000,-247230000,Deposits
1923-12-31,Liabilities,Notes,,,22.11,1000000,22110000,-22110000,Notes
1923-12-31,Liabilities,Other liabilities,,,7.98,1000000,7980000,-7980000,Other liabilities
1923-12-31,Equity,Capital,,,10.08,1000000,10080000,-10080000,Capital
1923-12-31,Equity,Reserve,,,11.97,1000000,11970000,-11970000,Capital
1923-12-31,Assets,Advances,,,111.6,1000000,111600000,111600000,Advances
1923-12-31,Assets,Investments,,,119.13,1000000,119130000,119130000,Investments
1923-12-31,Assets,Liquid Assets,,,64.03,1000000,64030000,64030000,Liquid Assets
1923-12-31,Assets,Property,,,4.61,1000000,4610000,4610000,Property
1924-12-31,Liabilities,Deposits,,,242.57,1000000,242570000,-242570000,Deposits
1924-12-31,Liabilities,Notes,,,22.18,1000000,22180000,-22180000,Notes
1924-12-31,Liabilities,Other liabilities,,,9.63,1000000,9630000,-9630000,Other liabilities
1924-12-31,Equity,Capital,,,11.08,1000000,11080000,-11080000,Capital
1924-12-31,Equity,Reserve,,,13.22,1000000,13220000,-13220000,Capital
1924-12-31,Assets,Advances,,,120,1000000,120000000,120000000,Advances
1924-12-31,Assets,Investments,,,112.44,1000000,112440000,112440000,Investments
1924-12-31,Assets,Liquid Assets,,,61.33,1000000,61330000,61330000,Liquid Assets
1924-12-31,Assets,Property,,,4.91,1000000,4910000,4910000,Property
1925-12-31,Liabilities,Deposits,,,240.94,1000000,240940000,-240940000,Deposits
1925-12-31,Liabilities,Notes,,,21.67,1000000,21670000,-21670000,Notes
1925-12-31,Liabilities,Other liabilities,,,9.68,1000000,9680000,-9680000,Other liabilities
1925-12-31,Equity,Capital,,,11.41,1000000,11410000,-11410000,Capital
1925-12-31,Equity,Reserve,,,14.13,1000000,14130000,-14130000,Capital
1925-12-31,Assets,Advances,,,129.33,1000000,129330000,129330000,Advances
1925-12-31,Assets,Investments,,,103.23,1000000,103230000,103230000,Investments
1925-12-31,Assets,Liquid Assets,,,60.34,1000000,60340000,60340000,Liquid Assets
1925-12-31,Assets,Property,,,4.93,1000000,4930000,4930000,Property
1926-12-31,Liabilities,Deposits,,,238.82,1000000,238820000,-238820000,Deposits
1926-12-31,Liabilities,Notes,,,20.71,1000000,20710000,-20710000,Notes
1926-12-31,Liabilities,Other liabilities,,,7.86,1000000,7860000,-7860000,Other liabilities
1926-12-31,Equity,Capital,,,11.41,1000000,11410000,-11410000,Capital
1926-12-31,Equity,Reserve,,,14.87,1000000,14870000,-14870000,Capital
1926-12-31,Assets,Advances,,,131.21,1000000,131210000,131210000,Advances
1926-12-31,Assets,Investments,,,97.88,1000000,97880000,97880000,Investments
1926-12-31,Assets,Liquid Assets,,,59.59,1000000,59590000,59590000,Liquid Assets
1926-12-31,Assets,Property,,,4.99,1000000,4990000,4990000,Property
1927-12-31,Liabilities,Deposits,,,241.97,1000000,241970000,-241970000,Deposits
1927-12-31,Liabilities,Notes,,,21.16,1000000,21160000,-21160000,Notes
1927-12-31,Liabilities,Other liabilities,,,8.27,1000000,8270000,-8270000,Other liabilities
1927-12-31,Equity,Capital,,,11.41,1000000,11410000,-11410000,Capital
1927-12-31,Equity,Reserve,,,15.62,1000000,15620000,-15620000,Capital
1927-12-31,Assets,Advances,,,138.06,1000000,138060000,138060000,Advances
1927-12-31,Assets,Investments,,,94.25,1000000,94250000,94250000,Investments
1927-12-31,Assets,Liquid Assets,,,61.22,1000000,61220000,61220000,Liquid Assets
1927-12-31,Assets,Property,,,4.9,1000000,4900000,4900000,Property
1928-12-31,Liabilities,Deposits,,,248.8,1000000,248800000,-248800000,Deposits
1928-12-31,Liabilities,Notes,,,21.05,1000000,21050000,-21050000,Notes
1928-12-31,Liabilities,Other liabilities,,,10.55,1000000,10550000,-10550000,Other liabilities
1928-12-31,Equity,Capital,,,11.49,1000000,11490000,-11490000,Capital
1928-12-31,Equity,Reserve,,,16.2,1000000,16200000,-16200000,Capital
1928-12-31,Assets,Advances,,,151.04,1000000,151040000,151040000,Advances
1928-12-31,Assets,Investments,,,88.98,1000000,88980000,88980000,Investments
1928-12-31,Assets,Liquid Assets,,,63.32,1000000,63320000,63320000,Liquid Assets
1928-12-31,Assets,Property,,,4.75,1000000,4750000,4750000,Property
1929-12-31,Liabilities,Deposits,,,250.85,1000000,250850000,-250850000,Deposits
1929-12-31,Liabilities,Notes,,,21.36,1000000,21360000,-21360000,Notes
1929-12-31,Liabilities,Other liabilities,,,9.48,1000000,9480000,-9480000,Other liabilities
1929-12-31,Equity,Capital,,,12.04,1000000,12040000,-12040000,Capital
1929-12-31,Equity,Reserve,,,17.62,1000000,17620000,-17620000,Capital
1929-12-31,Assets,Advances,,,155.17,1000000,155170000,155170000,Advances
1929-12-31,Assets,Investments,,,89.08,1000000,89080000,89080000,Investments
1929-12-31,Assets,Liquid Assets,,,62.31,1000000,62310000,62310000,Liquid Assets
1929-12-31,Assets,Property,,,4.79,1000000,4790000,4790000,Property
1930-12-31,Liabilities,Deposits,,,256.08,1000000,256080000,-256080000,Deposits
1930-12-31,Liabilities,Notes,,,21.4,1000000,21400000,-21400000,Notes
1930-12-31,Liabilities,Other liabilities,,,7.88,1000000,7880000,-7880000,Other liabilities
1930-12-31,Equity,Capital,,,13.1,1000000,13100000,-13100000,Capital
1930-12-31,Equity,Reserve,,,19.02,1000000,19020000,-19020000,Capital
1930-12-31,Assets,Advances,,,142.62,1000000,142620000,142620000,Advances
1930-12-31,Assets,Investments,,,106.38,1000000,106380000,106380000,Investments
1930-12-31,Assets,Liquid Assets,,,63.8,1000000,63800000,63800000,Liquid Assets
1930-12-31,Assets,Property,,,4.68,1000000,4680000,4680000,Property
1931-12-31,Liabilities,Deposits,,,243.57,1000000,243570000,-243570000,Deposits
1931-12-31,Liabilities,Notes,,,21.38,1000000,21380000,-21380000,Notes
1931-12-31,Liabilities,Other liabilities,,,6.91,1000000,6910000,-6910000,Other liabilities
1931-12-31,Equity,Capital,,,13.52,1000000,13520000,-13520000,Capital
1931-12-31,Equity,Reserve,,,19.07,1000000,19070000,-19070000,Capital
1931-12-31,Assets,Advances,,,130.67,1000000,130670000,130670000,Advances
1931-12-31,Assets,Investments,,,108.62,1000000,108620000,108620000,Investments
1931-12-31,Assets,Liquid Assets,,,60.43,1000000,60430000,60430000,Liquid Assets
1931-12-31,Assets,Property,,,4.73,1000000,4730000,4730000,Property
1932-12-31,Liabilities,Deposits,,,276.46,1000000,276460000,-276460000,Deposits
1932-12-31,Liabilities,Notes,,,21.02,1000000,21020000,-21020000,Notes
1932-12-31,Liabilities,Other liabilities,,,7.43,1000000,7430000,-7430000,Other liabilities
1932-12-31,Equity,Capital,,,13.52,1000000,13520000,-13520000,Capital
1932-12-31,Equity,Reserve,,,19.17,1000000,19170000,-19170000,Capital
1932-12-31,Assets,Advances,,,117.79,1000000,117790000,117790000,Advances
1932-12-31,Assets,Investments,,,147.04,1000000,147040000,147040000,Investments
1932-12-31,Assets,Liquid Assets,,,68.05,1000000,68050000,68050000,Liquid Assets
1932-12-31,Assets,Property,,,4.72,1000000,4720000,4720000,Property
1933-12-31,Liabilities,Deposits,,,281.68,1000000,281680000,-281680000,Deposits
1933-12-31,Liabilities,Notes,,,21.18,1000000,21180000,-21180000,Notes
1933-12-31,Liabilities,Other liabilities,,,7.85,1000000,7850000,-7850000,Other liabilities
1933-12-31,Equity,Capital,,,13.52,1000000,13520000,-13520000,Capital
1933-12-31,Equity,Reserve,,,19.35,1000000,19350000,-19350000,Capital
1933-12-31,Assets,Advances,,,110.61,1000000,110610000,110610000,Advances
1933-12-31,Assets,Investments,,,161.62,1000000,161620000,161620000,Investments
1933-12-31,Assets,Liquid Assets,,,66.6,1000000,66600000,66600000,Liquid Assets
1933-12-31,Assets,Property,,,4.75,1000000,4750000,4750000,Property
1934-12-31,Liabilities,Deposits,,,286.69,1000000,286690000,-286690000,Deposits
1934-12-31,Liabilities,Notes,,,21.37,1000000,21370000,-21370000,Notes
1934-12-31,Liabilities,Other liabilities,,,11.55,1000000,11550000,-11550000,Other liabilities
1934-12-31,Equity,Capital,,,13.52,1000000,13520000,-13520000,Capital
1934-12-31,Equity,Reserve,,,19.48,1000000,19480000,-19480000,Capital
1934-12-31,Assets,Advances,,,113.2,1000000,113200000,113200000,Advances
1934-12-31,Assets,Investments,,,164.17,1000000,164170000,164170000,Investments
1934-12-31,Assets,Liquid Assets,,,70.5,1000000,70500000,70500000,Liquid Assets
1934-12-31,Assets,Property,,,4.74,1000000,4740000,4740000,Property
1935-12-31,Liabilities,Deposits,,,308.5,1000000,308500000,-308500000,Deposits
1935-12-31,Liabilities,Notes,,,21.89,1000000,21890000,-21890000,Notes
1935-12-31,Liabilities,Other liabilities,,,15.25,1000000,15250000,-15250000,Other liabilities
1935-12-31,Equity,Capital,,,13.52,1000000,13520000,-13520000,Capital
1935-12-31,Equity,Reserve,,,19.87,1000000,19870000,-19870000,Capital
1935-12-31,Assets,Advances,,,115.88,1000000,115880000,115880000,Advances
1935-12-31,Assets,Investments,,,182.59,1000000,182590000,182590000,Investments
1935-12-31,Assets,Liquid Assets,,,75.86,1000000,75860000,75860000,Liquid Assets
1935-12-31,Assets,Property,,,4.7,1000000,4700000,4700000,Property
1936-12-31,Liabilities,Deposits,,,317.31,1000000,317310000,-317310000,Deposits
1936-12-31,Liabilities,Notes,,,23.11,1000000,23110000,-23110000,Notes
1936-12-31,Liabilities,Other liabilities,,,18.01,1000000,18010000,-18010000,Other liabilities
1936-12-31,Equity,Capital,,,13.52,1000000,13520000,-13520000,Capital
1936-12-31,Equity,Reserve,,,20.21,1000000,20210000,-20210000,Capital
1936-12-31,Assets,Advances,,,117.55,1000000,117550000,117550000,Advances
1936-12-31,Assets,Investments,,,190.89,1000000,190890000,190890000,Investments
1936-12-31,Assets,Liquid Assets,,,79.04,1000000,79040000,79040000,Liquid Assets
1936-12-31,Assets,Property,,,4.68,1000000,4680000,4680000,Property
1937-12-31,Liabilities,Deposits,,,330.45,1000000,330450000,-330450000,Deposits
1937-12-31,Liabilities,Notes,,,23.53,1000000,23530000,-23530000,Notes
1937-12-31,Liabilities,Other liabilities,,,18.25,1000000,18250000,-18250000,Other liabilities
1937-12-31,Equity,Capital,,,14.42,1000000,14420000,-14420000,Capital
1937-12-31,Equity,Reserve,,,20.23,1000000,20230000,-20230000,Capital
1937-12-31,Assets,Advances,,,129.16,1000000,129160000,129160000,Advances
1937-12-31,Assets,Investments,,,189.72,1000000,189720000,189720000,Investments
1937-12-31,Assets,Liquid Assets,,,83.3,1000000,83300000,83300000,Liquid Assets
1937-12-31,Assets,Property,,,4.7,1000000,4700000,4700000,Property
1938-12-31,Liabilities,Deposits,,,325.75,1000000,325750000,-325750000,Deposits
1938-12-31,Liabilities,Notes,,,23.31,1000000,23310000,-23310000,Notes
1938-12-31,Liabilities,Other liabilities,,,20.43,1000000,20430000,-20430000,Other liabilities
1938-12-31,Equity,Capital,,,14.82,1000000,14820000,-14820000,Capital
1938-12-31,Equity,Reserve,,,20.61,1000000,20610000,-20610000,Capital
1938-12-31,Assets,Advances,,,130.78,1000000,130780000,130780000,Advances
1938-12-31,Assets,Investments,,,189.37,1000000,189370000,189370000,Investments
1938-12-31,Assets,Liquid Assets,,,80.05,1000000,80050000,80050000,Liquid Assets
1938-12-31,Assets,Property,,,4.72,1000000,4720000,4720000,Property
1939-12-31,Liabilities,Deposits,,,331.06,1000000,331060000,-331060000,Deposits
1939-12-31,Liabilities,Notes,,,26.24,1000000,26240000,-26240000,Notes
1939-12-31,Liabilities,Other liabilities,,,18.24,1000000,18240000,-18240000,Other liabilities
1939-12-31,Equity,Capital,,,15.29,1000000,15290000,-15290000,Capital
1939-12-31,Equity,Reserve,,,20.61,1000000,20610000,-20610000,Capital
1939-12-31,Assets,Advances,,,130.73,1000000,130730000,130730000,Advances
1939-12-31,Assets,Investments,,,187.01,1000000,187010000,187010000,Investments
1939-12-31,Assets,Liquid Assets,,,88.87,1000000,88870000,88870000,Liquid Assets
1939-12-31,Assets,Property,,,4.83,1000000,4830000,4830000,Property
1940-12-31,Liabilities,Deposits,,,364.38,1000000,364380000,-364380000,Deposits
1940-12-31,Liabilities,Notes,,,30.18,1000000,30180000,-30180000,Notes
1940-12-31,Liabilities,Other liabilities,,,17.79,1000000,17790000,-17790000,Other liabilities
1940-12-31,Equity,Capital,,,15.29,1000000,15290000,-15290000,Capital
1940-12-31,Equity,Reserve,,,20.72,1000000,20720000,-20720000,Capital
1940-12-31,Assets,Advances,,,116.31,1000000,116310000,116310000,Advances
1940-12-31,Assets,Investments,,,222.92,1000000,222920000,222920000,Investments
1940-12-31,Assets,Liquid Assets,,,104.18,1000000,104180000,104180000,Liquid Assets
1940-12-31,Assets,Property,,,4.95,1000000,4950000,4950000,Property
1941-12-31,Liabilities,Deposits,,,417.33,1000000,417330000,-417330000,Deposits
1941-12-31,Liabilities,Notes,,,38.5,1000000,38500000,-38500000,Notes
1941-12-31,Liabilities,Other liabilities,,,20.05,1000000,20050000,-20050000,Other liabilities
1941-12-31,Equity,Capital,,,15.29,1000000,15290000,-15290000,Capital
1941-12-31,Equity,Reserve,,,20.75,1000000,20750000,-20750000,Capital
1941-12-31,Assets,Advances,,,109.01,1000000,109010000,109010000,Advances
1941-12-31,Assets,Investments,,,284.47,1000000,284470000,284470000,Investments
1941-12-31,Assets,Liquid Assets,,,113.48,1000000,113480000,113480000,Liquid Assets
1941-12-31,Assets,Property,,,4.96,1000000,4960000,4960000,Property
1942-12-31,Liabilities,Deposits,,,453.13,1000000,453130000,-453130000,Deposits
1942-12-31,Liabilities,Notes,,,49.32,1000000,49320000,-49320000,Notes
1942-12-31,Liabilities,Other liabilities,,,16.9,1000000,16900000,-16900000,Other liabilities
1942-12-31,Equity,Capital,,,15.29,1000000,15290000,-15290000,Capital
1942-12-31,Equity,Reserve,,,20.89,1000000,20890000,-20890000,Capital
1942-12-31,Assets,Advances,,,104.31,1000000,104310000,104310000,Advances
1942-12-31,Assets,Investments,,,315.95,1000000,315950000,315950000,Investments
1942-12-31,Assets,Liquid Assets,,,130.37,1000000,130370000,130370000,Liquid Assets
1942-12-31,Assets,Property,,,4.9,1000000,4900000,4900000,Property
1943-12-31,Liabilities,Deposits,,,493.81,1000000,493810000,-493810000,Deposits
1943-12-31,Liabilities,Notes,,,57.14,1000000,57140000,-57140000,Notes
1943-12-31,Liabilities,Other liabilities,,,19.97,1000000,19970000,-19970000,Other liabilities
1943-12-31,Equity,Capital,,,15.29,1000000,15290000,-15290000,Capital
1943-12-31,Equity,Reserve,,,21.32,1000000,21320000,-21320000,Capital
1943-12-31,Assets,Advances,,,104.61,1000000,104610000,104610000,Advances
1943-12-31,Assets,Investments,,,351.47,1000000,351470000,351470000,Investments
1943-12-31,Assets,Liquid Assets,,,146.55,1000000,146550000,146550000,Liquid Assets
1943-12-31,Assets,Property,,,4.9,1000000,4900000,4900000,Property
1944-12-31,Liabilities,Deposits,,,542.48,1000000,542480000,-542480000,Deposits
1944-12-31,Liabilities,Notes,,,63.28,1000000,63280000,-63280000,Notes
1944-12-31,Liabilities,Other liabilities,,,23.13,1000000,23130000,-23130000,Other liabilities
1944-12-31,Equity,Capital,,,15.29,1000000,15290000,-15290000,Capital
1944-12-31,Equity,Reserve,,,21.58,1000000,21580000,-21580000,Capital
1944-12-31,Assets,Advances,,,104.96,1000000,104960000,104960000,Advances
1944-12-31,Assets,Investments,,,390.12,1000000,390120000,390120000,Investments
1944-12-31,Assets,Liquid Assets,,,165.73,1000000,165730000,165730000,Liquid Assets
1944-12-31,Assets,Property,,,4.95,1000000,4950000,4950000,Property
1945-12-31,Liabilities,Deposits,,,590.37,1000000,590370000,-590370000,Deposits
1945-12-31,Liabilities,Notes,,,65.79,1000000,65790000,-65790000,Notes
1945-12-31,Liabilities,Other liabilities,,,18.24,1000000,18240000,-18240000,Other liabilities
1945-12-31,Equity,Capital,,,15.29,1000000,15290000,-15290000,Capital
1945-12-31,Equity,Reserve,,,22.08,1000000,22080000,-22080000,Capital
1945-12-31,Assets,Advances,,,106.39,1000000,106390000,106390000,Advances
1945-12-31,Assets,Investments,,,429.88,1000000,429880000,429880000,Investments
1945-12-31,Assets,Liquid Assets,,,170.47,1000000,170470000,170470000,Liquid Assets
1945-12-31,Assets,Property,,,5.03,1000000,5030000,5030000,Property
1946-12-31,Liabilities,Deposits,,,657.84,1000000,657840000,-657840000,Deposits
1946-12-31,Liabilities,Notes,,,70.38,1000000,70380000,-70380000,Notes
1946-12-31,Liabilities,Other liabilities,,,25.24,1000000,25240000,-25240000,Other liabilities
1946-12-31,Equity,Capital,,,15.29,1000000,15290000,-15290000,Capital
1946-12-31,Equity,Reserve,,,22.97,1000000,22970000,-22970000,Capital
1946-12-31,Assets,Advances,,,129.13,1000000,129130000,129130000,Advances
1946-12-31,Assets,Investments,,,460.71,1000000,460710000,460710000,Investments
1946-12-31,Assets,Liquid Assets,,,196.73,1000000,196730000,196730000,Liquid Assets
1946-12-31,Assets,Property,,,5.15,1000000,5150000,5150000,Property
1947-12-31,Liabilities,Deposits,,,703.57,1000000,703570000,-703570000,Deposits
1947-12-31,Liabilities,Notes,,,69.63,1000000,69630000,-69630000,Notes
1947-12-31,Liabilities,Other liabilities,,,21.84,1000000,21840000,-21840000,Other liabilities
1947-12-31,Equity,Capital,,,15.64,1000000,15640000,-15640000,Capital
1947-12-31,Equity,Reserve,,,23.2,1000000,23200000,-23200000,Capital
1947-12-31,Assets,Advances,,,152.76,1000000,152760000,152760000,Advances
1947-12-31,Assets,Investments,,,472.56,1000000,472560000,472560000,Investments
1947-12-31,Assets,Liquid Assets,,,203.03,1000000,203030000,203030000,Liquid Assets
1947-12-31,Assets,Property,,,5.53,1000000,5530000,5530000,Property
1948-12-31,Liabilities,Deposits,,,743.29,1000000,743290000,-743290000,Deposits
1948-12-31,Liabilities,Notes,,,67,1000000,67000000,-67000000,Notes
1948-12-31,Liabilities,Other liabilities,,,31.9,1000000,31900000,-31900000,Other liabilities
1948-12-31,Equity,Capital,,,15.64,1000000,15640000,-15640000,Capital
1948-12-31,Equity,Reserve,,,23.91,1000000,23910000,-23910000,Capital
1948-12-31,Assets,Advances,,,174.96,1000000,174960000,174960000,Advances
1948-12-31,Assets,Investments,,,482.21,1000000,482210000,482210000,Investments
1948-12-31,Assets,Liquid Assets,,,218.69,1000000,218690000,218690000,Liquid Assets
1948-12-31,Assets,Property,,,5.88,1000000,5880000,5880000,Property
1949-12-31,Liabilities,Deposits,,,735.89,1000000,735890000,-735890000,Deposits
1949-12-31,Liabilities,Notes,,,69.02,1000000,69020000,-69020000,Notes
1949-12-31,Liabilities,Other liabilities,,,34.82,1000000,34820000,-34820000,Other liabilities
1949-12-31,Equity,Capital,,,15.64,1000000,15640000,-15640000,Capital
1949-12-31,Equity,Reserve,,,23.91,1000000,23910000,-23910000,Capital
1949-12-31,Assets,Advances,,,204.58,1000000,204580000,204580000,Advances
1949-12-31,Assets,Investments,,,447.97,1000000,447970000,447970000,Investments
1949-12-31,Assets,Liquid Assets,,,220.5,1000000,220500000,220500000,Liquid Assets
1949-12-31,Assets,Property,,,6.23,1000000,6230000,6230000,Property
1950-12-31,Liabilities,Deposits,,,754.79,1000000,754790000,-754790000,Deposits
1950-12-31,Liabilities,Notes,,,71.09,1000000,71090000,-71090000,Notes
1950-12-31,Liabilities,Other liabilities,,,43.8,1000000,43800000,-43800000,Other liabilities
1950-12-31,Equity,Capital,,,15.64,1000000,15640000,-15640000,Capital
1950-12-31,Equity,Reserve,,,24.19,1000000,24190000,-24190000,Capital
1950-12-31,Assets,Advances,,,233.29,1000000,233290000,233290000,Advances
1950-12-31,Assets,Investments,,,440.85,1000000,440850000,440850000,Investments
1950-12-31,Assets,Liquid Assets,,,228.89,1000000,228890000,228890000,Liquid Assets
1950-12-31,Assets,Property,,,6.48,1000000,6480000,6480000,Property
1951-12-31,Liabilities,Deposits,,,747.75,1000000,747750000,-747750000,Deposits
1951-12-31,Liabilities,Notes,,,76.17,1000000,76170000,-76170000,Notes
1951-12-31,Liabilities,Other liabilities,,,49.43,1000000,49430000,-49430000,Other liabilities
1951-12-31,Equity,Capital,,,15.84,1000000,15840000,-15840000,Capital
1951-12-31,Equity,Reserve,,,24.34,1000000,24340000,-24340000,Capital
1951-12-31,Assets,Advances,,,284.79,1000000,284790000,284790000,Advances
1951-12-31,Assets,Investments,,,380.75,1000000,380750000,380750000,Investments
1951-12-31,Assets,Liquid Assets,,,241.17,1000000,241170000,241170000,Liquid Assets
1951-12-31,Assets,Property,,,6.82,1000000,6820000,6820000,Property
1952-12-31,Liabilities,Deposits,,,760.69,1000000,760690000,-760690000,Deposits
1952-12-31,Liabilities,Notes,,,84.95,1000000,84950000,-84950000,Notes
1952-12-31,Liabilities,Other liabilities,,,44.45,1000000,44450000,-44450000,Other liabilities
1952-12-31,Equity,Capital,,,17.74,1000000,17740000,-17740000,Capital
1952-12-31,Equity,Reserve,,,24.47,1000000,24470000,-24470000,Capital
1952-12-31,Assets,Advances,,,256.3,1000000,256300000,256300000,Advances
1952-12-31,Assets,Investments,,,394.82,1000000,394820000,394820000,Investments
1952-12-31,Assets,Liquid Assets,,,273.84,1000000,273840000,273840000,Liquid Assets
1952-12-31,Assets,Property,,,7.34,1000000,7340000,7340000,Property
1953-12-31,Liabilities,Deposits,,,781.62,1000000,781620000,-781620000,Deposits
1953-12-31,Liabilities,Notes,,,91.78,1000000,91780000,-91780000,Notes
1953-12-31,Liabilities,Other liabilities,,,40.18,1000000,40180000,-40180000,Other liabilities
1953-12-31,Equity,Capital,,,16.54,1000000,16540000,-16540000,Capital
1953-12-31,Equity,Reserve,,,23.73,1000000,23730000,-23730000,Capital
1953-12-31,Assets,Advances,,,250.87,1000000,250870000,250870000,Advances
1953-12-31,Assets,Investments,,,419.58,1000000,419580000,419580000,Investments
1953-12-31,Assets,Liquid Assets,,,275.61,1000000,275610000,275610000,Liquid Assets
1953-12-31,Assets,Property,,,7.79,1000000,7790000,7790000,Property
1954-12-31,Liabilities,Deposits,,,832.91,1000000,832910000,-832910000,Deposits
1954-12-31,Liabilities,Notes,,,97.85,1000000,97850000,-97850000,Notes
1954-12-31,Liabilities,Other liabilities,,,48.14,1000000,48140000,-48140000,Other liabilities
1954-12-31,Equity,Capital,,,18.39,1000000,18390000,-18390000,Capital
1954-12-31,Equity,Reserve,,,25.08,1000000,25080000,-25080000,Capital
1954-12-31,Assets,Advances,,,284.33,1000000,284330000,284330000,Advances
1954-12-31,Assets,Investments,,,431.92,1000000,431920000,431920000,Investments
1954-12-31,Assets,Liquid Assets,,,297.93,1000000,297930000,297930000,Liquid Assets
1954-12-31,Assets,Property,,,8.19,1000000,8190000,8190000,Property
1955-12-31,Liabilities,Deposits,,,774.82,1000000,774820000,-774820000,Deposits
1955-12-31,Liabilities,Notes,,,104.5,1000000,104500000,-104500000,Notes
1955-12-31,Liabilities,Other liabilities,,,57.8,1000000,57800000,-57800000,Other liabilities
1955-12-31,Equity,Capital,,,20.54,1000000,20540000,-20540000,Capital
1955-12-31,Equity,Reserve,,,23.17,1000000,23170000,-23170000,Capital
1955-12-31,Assets,Advances,,,279.23,1000000,279230000,279230000,Advances
1955-12-31,Assets,Investments,,,385.03,1000000,385030000,385030000,Investments
1955-12-31,Assets,Liquid Assets,,,308.11,1000000,308110000,308110000,Liquid Assets
1955-12-31,Assets,Property,,,8.46,1000000,8460000,8460000,Property
1956-12-31,Liabilities,Deposits,,,771.24,1000000,771240000,-771240000,Deposits
1956-12-31,Liabilities,Notes,,,111.44,1000000,111440000,-111440000,Notes
1956-12-31,Liabilities,Other liabilities,,,54.98,1000000,54980000,-54980000,Other liabilities
1956-12-31,Equity,Capital,,,20.54,1000000,20540000,-20540000,Capital
1956-12-31,Equity,Reserve,,,23.18,1000000,23180000,-23180000,Capital
1956-12-31,Assets,Advances,,,274.11,1000000,274110000,274110000,Advances
1956-12-31,Assets,Investments,,,377.74,1000000,377740000,377740000,Investments
1956-12-31,Assets,Liquid Assets,,,320.73,1000000,320730000,320730000,Liquid Assets
1956-12-31,Assets,Property,,,8.8,1000000,8800000,8800000,Property
1957-12-31,Liabilities,Deposits,,,762,1000000,762000000,-762000000,Deposits
1957-12-31,Liabilities,Notes,,,118.89,1000000,118890000,-118890000,Notes
1957-12-31,Liabilities,Other liabilities,,,61.8,1000000,61800000,-61800000,Other liabilities
1957-12-31,Equity,Capital,,,20.54,1000000,20540000,-20540000,Capital
1957-12-31,Equity,Reserve,,,23.18,1000000,23180000,-23180000,Capital
1957-12-31,Assets,Advances,,,281.84,1000000,281840000,281840000,Advances
1957-12-31,Assets,Investments,,,373.5,1000000,373500000,373500000,Investments
1957-12-31,Assets,Liquid Assets,,,321.53,1000000,321530000,321530000,Liquid Assets
1957-12-31,Assets,Property,,,9.54,1000000,9540000,9540000,Property
1958-12-31,Liabilities,Deposits,,,796.39,1000000,796390000,-796390000,Deposits
1958-12-31,Liabilities,Notes,,,119.78,1000000,119780000,-119780000,Notes
1958-12-31,Liabilities,Other liabilities,,,59.97,1000000,59970000,-59970000,Other liabilities
1958-12-31,Equity,Capital,,,20.64,1000000,20640000,-20640000,Capital
1958-12-31,Equity,Reserve,,,23.49,1000000,23490000,-23490000,Capital
1958-12-31,Assets,Advances,,,304.51,1000000,304510000,304510000,Advances
1958-12-31,Assets,Investments,,,378.82,1000000,378820000,378820000,Investments
1958-12-31,Assets,Liquid Assets,,,326.95,1000000,326950000,326950000,Liquid Assets
1958-12-31,Assets,Property,,,9.99,1000000,9990000,9990000,Property
1959-12-31,Liabilities,Deposits,,,826.43,1000000,826430000,-826430000,Deposits
1959-12-31,Liabilities,Notes,,,121.89,1000000,121890000,-121890000,Notes
1959-12-31,Liabilities,Other liabilities,,,61.25,1000000,61250000,-61250000,Other liabilities
1959-12-31,Equity,Capital,,,22.42,1000000,22420000,-22420000,Capital
1959-12-31,Equity,Reserve,,,27.68,1000000,27680000,-27680000,Capital
1959-12-31,Assets,Advances,,,373.41,1000000,373410000,373410000,Advances
1959-12-31,Assets,Investments,,,338.08,1000000,338080000,338080000,Investments
1959-12-31,Assets,Liquid Assets,,,336.38,1000000,336380000,336380000,Liquid Assets
1959-12-31,Assets,Property,,,11.8,1000000,11800000,11800000,Property
1960-12-31,Liabilities,Deposits,,,822.57,1000000,822570000,-822570000,Deposits
1960-12-31,Liabilities,Notes,,,126.6,1000000,126600000,-126600000,Notes
1960-12-31,Liabilities,Other liabilities,,,63.08,1000000,63080000,-63080000,Other liabilities
1960-12-31,Equity,Capital,,,26.87,1000000,26870000,-26870000,Capital
1960-12-31,Equity,Reserve,,,35,1000000,35000000,-35000000,Capital
1960-12-31,Assets,Advances,,,420.18,1000000,420180000,420180000,Advances
1960-12-31,Assets,Investments,,,298.86,1000000,298860000,298860000,Investments
1960-12-31,Assets,Liquid Assets,,,342.72,1000000,342720000,342720000,Liquid Assets
1960-12-31,Assets,Property,,,12.36,1000000,12360000,12360000,Property
1961-12-31,Liabilities,Deposits,,,837.3,1000000,837300000,-837300000,Deposits
1961-12-31,Liabilities,Notes,,,128.02,1000000,128020000,-128020000,Notes
1961-12-31,Liabilities,Other liabilities,,,63.24,1000000,63240000,-63240000,Other liabilities
1961-12-31,Equity,Capital,,,26.87,1000000,26870000,-26870000,Capital
1961-12-31,Equity,Reserve,,,35.8,1000000,35800000,-35800000,Capital
1961-12-31,Assets,Advances,,,447.77,1000000,447770000,447770000,Advances
1961-12-31,Assets,Investments,,,287.6,1000000,287600000,287600000,Investments
1961-12-31,Assets,Liquid Assets,,,342.76,1000000,342760000,342760000,Liquid Assets
1961-12-31,Assets,Property,,,13.1,1000000,13100000,13100000,Property
1962-12-31,Liabilities,Deposits,,,858.54,1000000,858540000,-858540000,Deposits
1962-12-31,Liabilities,Notes,,,123.5,1000000,123500000,-123500000,Notes
1962-12-31,Liabilities,Other liabilities,,,65.45,1000000,65450000,-65450000,Other liabilities
1962-12-31,Equity,Capital,,,28.77,1000000,28770000,-28770000,Capital
1962-12-31,Equity,Reserve,,,38.23,1000000,38230000,-38230000,Capital
1962-12-31,Assets,Advances,,,493.66,1000000,493660000,493660000,Advances
1962-12-31,Assets,Investments,,,258.63,1000000,258630000,258630000,Investments
1962-12-31,Assets,Liquid Assets,,,347.9,1000000,347900000,347900000,Liquid Assets
1962-12-31,Assets,Property,,,14.3,1000000,14300000,14300000,Property
1963-12-31,Liabilities,Deposits,,,897.7,1000000,897700000,-897700000,Deposits
1963-12-31,Liabilities,Notes,,,127.89,1000000,127890000,-127890000,Notes
1963-12-31,Liabilities,Other liabilities,,,75.03,1000000,75030000,-75030000,Other liabilities
1963-12-31,Equity,Capital,,,31.64,1000000,31640000,-31640000,Capital
1963-12-31,Equity,Reserve,,,40.08,1000000,40080000,-40080000,Capital
1963-12-31,Assets,Advances,,,528.6,1000000,528600000,528600000,Advances
1963-12-31,Assets,Investments,,,270.76,1000000,270760000,270760000,Investments
1963-12-31,Assets,Liquid Assets,,,357.68,1000000,357680000,357680000,Liquid Assets
1963-12-31,Assets,Property,,,15.3,1000000,15300000,15300000,Property
1964-12-31,Liabilities,Deposits,,,955.91,1000000,955910000,-955910000,Deposits
1964-12-31,Liabilities,Notes,,,129.82,1000000,129820000,-129820000,Notes
1964-12-31,Liabilities,Other liabilities,,,99.16,1000000,99160000,-99160000,Other liabilities
1964-12-31,Equity,Capital,,,34.49,1000000,34490000,-34490000,Capital
1964-12-31,Equity,Reserve,,,40.81,1000000,40810000,-40810000,Capital
1964-12-31,Assets,Advances,,,614.72,1000000,614720000,614720000,Advances
1964-12-31,Assets,Investments,,,237.32,1000000,237320000,237320000,Investments
1964-12-31,Assets,Liquid Assets,,,391.45,1000000,391450000,391450000,Liquid Assets
1964-12-31,Assets,Property,,,16.7,1000000,16700000,16700000,Property
1965-12-31,Liabilities,Deposits,,,1006.17,1000000,1006170000,-1006170000,Deposits
1965-12-31,Liabilities,Notes,,,132.47,1000000,132470000,-132470000,Notes
1965-12-31,Liabilities,Other liabilities,,,85.67,1000000,85670000,-85670000,Other liabilities
1965-12-31,Equity,Capital,,,38.68,1000000,38680000,-38680000,Capital
1965-12-31,Equity,Reserve,,,40.01,1000000,40010000,-40010000,Capital
1965-12-31,Assets,Advances,,,620.14,1000000,620140000,620140000,Advances
1965-12-31,Assets,Investments,,,249.96,1000000,249960000,249960000,Investments
1965-12-31,Assets,Liquid Assets,,,414.47,1000000,414470000,414470000,Liquid Assets
1965-12-31,Assets,Property,,,18.43,1000000,18430000,18430000,Property
1966-12-31,Liabilities,Deposits,,,1021.6,1000000,1021600000,-1021600000,Deposits
1966-12-31,Liabilities,Notes,,,132.52,1000000,132520000,-132520000,Notes
1966-12-31,Liabilities,Other liabilities,,,77.63,1000000,77630000,-77630000,Other liabilities
1966-12-31,Equity,Capital,,,38.68,1000000,38680000,-38680000,Capital
1966-12-31,Equity,Reserve,,,43.2,1000000,43200000,-43200000,Capital
1966-12-31,Assets,Advances,,,614.55,1000000,614550000,614550000,Advances
1966-12-31,Assets,Investments,,,261.81,1000000,261810000,261810000,Investments
1966-12-31,Assets,Liquid Assets,,,417.17,1000000,417170000,417170000,Liquid Assets
1966-12-31,Assets,Property,,,20.1,1000000,20100000,20100000,Property
1967-12-31,Liabilities,Deposits,,,1124.53,1000000,1124530000,-1124530000,Deposits
1967-12-31,Liabilities,Notes,,,139.01,1000000,139010000,-139010000,Notes
1967-12-31,Liabilities,Other liabilities,,,101.16,1000000,101160000,-101160000,Other liabilities
1967-12-31,Equity,Capital,,,38.68,1000000,38680000,-38680000,Capital
1967-12-31,Equity,Reserve,,,45.79,1000000,45790000,-45790000,Capital
1967-12-31,Assets,Advances,,,642.07,1000000,642070000,642070000,Advances
1967-12-31,Assets,Investments,,,318.06,1000000,318060000,318060000,Investments
1967-12-31,Assets,Liquid Assets,,,465.82,1000000,465820000,465820000,Liquid Assets
1967-12-31,Assets,Property,,,23.22,1000000,23220000,23220000,Property
1968-12-31,Liabilities,Deposits,,,1207.03,1000000,1207030000,-1207030000,Deposits
1968-12-31,Liabilities,Notes,,,144.08,1000000,144080000,-144080000,Notes
1968-12-31,Liabilities,Other liabilities,,,182.64,1000000,182640000,-182640000,Other liabilities
1968-12-31,Equity,Capital,,,41.68,1000000,41680000,-41680000,Capital
1968-12-31,Equity,Reserve,,,51.01,1000000,51010000,-51010000,Capital
1968-12-31,Assets,Advances,,,742.61,1000000,742610000,742610000,Advances
1968-12-31,Assets,Investments,,,358.78,1000000,358780000,358780000,Investments
1968-12-31,Assets,Liquid Assets,,,499.29,1000000,499290000,499290000,Liquid Assets
1968-12-31,Assets,Property,,,25.76,1000000,25760000,25760000,Property
1969-12-31,Liabilities,Deposits,,,1099.83,1000000,1099830000,-1099830000,Deposits
1969-12-31,Liabilities,Notes,,,148.09,1000000,148090000,-148090000,Notes
1969-12-31,Liabilities,Other liabilities,,,134.98,1000000,134980000,-134980000,Other liabilities
1969-12-31,Equity,Capital,,,36.32,1000000,36320000,-36320000,Capital
1969-12-31,Equity,Reserve,,,78.8,1000000,78800000,-78800000,Capital
1969-12-31,Assets,Advances,,,722.36,1000000,722360000,722360000,Advances
1969-12-31,Assets,Investments,,,324.15,1000000,324150000,324150000,Investments
1969-12-31,Assets,Liquid Assets,,,421.76,1000000,421760000,421760000,Liquid Assets
1969-12-31,Assets,Property,,,29.75,1000000,29750000,29750000,Property
1970-12-31,Liabilities,Deposits,,,1127.42,1000000,1127420000,-1127420000,Deposits
1970-12-31,Liabilities,Notes,,,159.33,1000000,159330000,-159330000,Notes
1970-12-31,Liabilities,Other liabilities,,,175.51,1000000,175510000,-175510000,Other liabilities
1970-12-31,Equity,Capital,,,36.32,1000000,36320000,-36320000,Capital
1970-12-31,Equity,Reserve,,,94.71,1000000,94710000,-94710000,Capital
1970-12-31,Assets,Advances,,,815.2,1000000,815200000,815200000,Advances
1970-12-31,Assets,Investments,,,300.43,1000000,300430000,300430000,Investments
1970-12-31,Assets,Liquid Assets,,,437.11,1000000,437110000,437110000,Liquid Assets
1970-12-31,Assets,Property,,,40.55,1000000,40550000,40550000,Property
1971-12-31,Liabilities,Deposits,,,1215.27,1000000,1215270000,-1215270000,Deposits
1971-12-31,Liabilities,Notes,,,169.69,1000000,169690000,-169690000,Notes
1971-12-31,Liabilities,Other liabilities,,,210.7,1000000,210700000,-210700000,Other liabilities
1971-12-31,Equity,Capital,,,34.32,1000000,34320000,-34320000,Capital
1971-12-31,Equity,Reserve,,,98.45,1000000,98450000,-98450000,Capital
1971-12-31,Assets,Advances,,,901.91,1000000,901910000,901910000,Advances
1971-12-31,Assets,Investments,,,286.68,1000000,286680000,286680000,Investments
1971-12-31,Assets,Liquid Assets,,,496.55,1000000,496550000,496550000,Liquid Assets
1971-12-31,Assets,Property,,,43.29,1000000,43290000,43290000,Property
1972-12-31,Liabilities,Deposits,,,1679.29,1000000,1679290000,-1679290000,Deposits
1972-12-31,Liabilities,Notes,,,182.45,1000000,182450000,-182450000,Notes
1972-12-31,Liabilities,Other liabilities,,,220,1000000,220000000,-220000000,Other liabilities
1972-12-31,Equity,Capital,,,37.54,1000000,37540000,-37540000,Capital
1972-12-31,Equity,Reserve,,,126.04,1000000,126040000,-126040000,Capital
1972-12-31,Assets,Advances,,,1317.43,1000000,1317430000,1317430000,Advances
1972-12-31,Assets,Investments,,,241.96,1000000,241960000,241960000,Investments
1972-12-31,Assets,Liquid Assets,,,628.22,1000000,628220000,628220000,Liquid Assets
1972-12-31,Assets,Property,,,57.71,1000000,57710000,57710000,Property